frameInfo.realtimeSinceStartup,frameInfo.timeSinceLevelLoad,frameInfo.unscaledDeltaTime,gameObjects.UIController.againButtonIsActive,gameObjects.UIController.doneButtonIsActive,gameObjects.UIController.promptIsActive,gameObjects.UIController.getReadyTextIsActive,gameObjects.UIController.timeTextIsActive,gameObjects.UIController.countdown,gameObjects.UIController.responceTime,gameObjects.UIController.isWaiting,gameObjects.UIController.isResponding,gameObjects.Loading.rotation
42.09194564819336,0,0.017000799998641014,False,False,False,True,False,5.73976469039917,0,True,False,0
42.11711502075195,0,0.07338559627532959,False,False,False,True,False,5.722764015197754,0,True,False,357
42.133750915527344,0.019999999552965164,0.01660729944705963,False,False,False,True,False,5.705763339996338,0,True,False,354
42.15056610107422,0.03686109930276871,0.016861099749803543,False,False,False,True,False,5.685763359069824,0,True,False,351
42.167545318603516,0.05386060103774071,0.01699949987232685,False,False,False,True,False,5.668902397155762,0,True,False,348
42.18362808227539,0.06986530125141144,0.01600470021367073,False,False,False,True,False,5.651902675628662,0,True,False,345
42.20064926147461,0.08673419803380966,0.016868900507688522,False,False,False,True,False,5.635898113250732,0,True,False,342
42.21668243408203,0.1027958020567894,0.016061600297689438,False,False,False,True,False,5.6190290451049805,0,True,False,339
42.23320007324219,0.11936280131340027,0.01656699925661087,False,False,False,True,False,5.602967262268066,0,True,False,336
42.24990463256836,0.13610120117664337,0.016738399863243103,False,False,False,True,False,5.586400032043457,0,True,False,333
42.266849517822266,0.1531383991241455,0.017037199810147285,False,False,False,True,False,5.569661617279053,0,True,False,330
42.28285217285156,0.16913460195064545,0.01599619910120964,False,False,False,True,False,5.552624225616455,0,True,False,327
42.29934310913086,0.18562810122966766,0.016493499279022217,False,False,False,True,False,5.536628246307373,0,True,False,324
42.31593322753906,0.20219530165195465,0.016567200422286987,False,False,False,True,False,5.520134925842285,0,True,False,321
42.33284378051758,0.21913759410381317,0.016942299902439117,False,False,False,True,False,5.503567695617676,0,True,False,318
42.349037170410156,0.23532840609550476,0.016190800815820694,False,False,False,True,False,5.4866251945495605,0,True,False,315
42.365936279296875,0.2521403133869171,0.016811899840831757,False,False,False,True,False,5.470434188842773,0,True,False,312
42.382808685302734,0.2691076993942261,0.016967400908470154,False,False,False,True,False,5.453622341156006,0,True,False,309
42.3988037109375,0.2851009964942932,0.015993300825357437,False,False,False,True,False,5.436655044555664,0,True,False,306
42.41531753540039,0.30159521102905273,0.016494199633598328,False,False,False,True,False,5.420661926269531,0,True,False,303
42.43194580078125,0.3181628882884979,0.01656769961118698,False,False,False,True,False,5.404167652130127,0,True,False,300
42.44887924194336,0.3351188898086548,0.01695599965751171,False,False,False,True,False,5.387599945068359,0,True,False,297
42.46513748168945,0.35129669308662415,0.016177799552679062,False,False,False,True,False,5.3706440925598145,0,True,False,294
42.481624603271484,0.3678624927997589,0.016565799713134766,False,False,False,True,False,5.354466438293457,0,True,False,291
42.49814224243164,0.38442790508270264,0.01656539924442768,False,False,False,True,False,5.337900638580322,0,True,False,288
42.5148811340332,0.40115469694137573,0.016726799309253693,False,False,False,True,False,5.321335315704346,0,True,False,285
42.531280517578125,0.41756129264831543,0.016406599432229996,False,False,False,True,False,5.304608345031738,0,True,False,282
42.54786682128906,0.43415001034736633,0.01658869907259941,False,False,False,True,False,5.288201808929443,0,True,False,279
42.56439971923828,0.4506950080394745,0.016544999554753304,False,False,False,True,False,5.271613121032715,0,True,False,276
42.580955505371094,0.4672619104385376,0.01656690053641796,False,False,False,True,False,5.255068302154541,0,True,False,273
42.59790802001953,0.4841667115688324,0.01690479926764965,False,False,False,True,False,5.23850154876709,0,True,False,270
42.61497116088867,0.5011419057846069,0.016975199803709984,False,False,False,True,False,5.221596717834473,0,True,False,267
42.63089370727539,0.5171201825141907,0.01597829908132553,False,False,False,True,False,5.204621315002441,0,True,False,264
42.647254943847656,0.5335285067558289,0.016408300027251244,False,False,False,True,False,5.188642978668213,0,True,False,261
42.664093017578125,0.5501134991645813,0.01658499985933304,False,False,False,True,False,5.172234535217285,0,True,False,258
42.68083190917969,0.5671147704124451,0.017001299187541008,False,False,False,True,False,5.155649662017822,0,True,False,255
42.697025299072266,0.5832281708717346,0.01611340045928955,False,False,False,True,False,5.138648509979248,0,True,False,252
42.713890075683594,0.6001241207122803,0.016895899549126625,False,False,False,True,False,5.122535228729248,0,True,False,249
42.730918884277344,0.617171585559845,0.017047500237822533,False,False,False,True,False,5.105639457702637,0,True,False,246
42.74665451049805,0.6329280734062195,0.015756500884890556,False,False,False,True,False,5.088592052459717,0,True,False,243
42.76321029663086,0.6494957208633423,0.016567600890994072,False,False,False,True,False,5.072835445404053,0,True,False,240
42.779762268066406,0.6660618185997009,0.016566099599003792,False,False,False,True,False,5.056267738342285,0,True,False,237.00001525878906
42.79658889770508,0.6828464269638062,0.016784600913524628,False,False,False,True,False,5.039701461791992,0,True,False,234
42.813682556152344,0.6998848915100098,0.01703849993646145,False,False,False,True,False,5.022916793823242,0,True,False,231
42.82958984375,0.7158825993537903,0.01599770039319992,False,False,False,True,False,5.005878448486328,0,True,False,228.00001525878906
42.84672164916992,0.7328442931175232,0.016961699351668358,False,False,False,True,False,4.989880561828613,0,True,False,225
42.86362838745117,0.7498552799224854,0.017010999843478203,False,False,False,True,False,4.97291898727417,0,True,False,222
42.879554748535156,0.7658460736274719,0.01599079929292202,False,False,False,True,False,4.955907821655273,0,True,False,219
42.895729064941406,0.7820283770561218,0.016182299703359604,False,False,False,True,False,4.939917087554932,0,True,False,216.00001525878906
42.91260528564453,0.7988886833190918,0.016860300675034523,False,False,False,True,False,4.923734664916992,0,True,False,213.00001525878906
42.929588317871094,0.8158835768699646,0.01699489913880825,False,False,False,True,False,4.906874179840088,0,True,False,210
42.94559860229492,0.8318902254104614,0.016006600111722946,False,False,False,True,False,4.88987922668457,0,True,False,207
42.96199035644531,0.8482956290245056,0.01640539988875389,False,False,False,True,False,4.873872756958008,0,True,False,204
42.97860336303711,0.8648844957351685,0.016588900238275528,False,False,False,True,False,4.857467174530029,0,True,False,201
42.99514389038086,0.881428599357605,0.016544099897146225,False,False,False,True,False,4.840878486633301,0,True,False,198
43.01174545288086,0.8979957699775696,0.016567200422286987,False,False,False,True,False,4.824334621429443,0,True,False,195
43.02830123901367,0.9145624041557312,0.016566600650548935,False,False,False,True,False,4.807767391204834,0,True,False,192
43.044960021972656,0.9311299920082092,0.016567600890994072,False,False,False,True,False,4.791200637817383,0,True,False,189
43.061580657958984,0.9478492140769958,0.01671919971704483,False,False,False,True,False,4.774632930755615,0,True,False,186
43.07856750488281,0.9648486971855164,0.01699949987232685,False,False,False,True,False,4.757913589477539,0,True,False,183
43.09457778930664,0.9808496832847595,0.01600099913775921,False,False,False,True,False,4.7409138679504395,0,True,False,180
43.111534118652344,0.9978498816490173,0.01700020022690296,False,False,False,True,False,4.724912643432617,0,True,False,177.00001525878906
43.12770080566406,1.0139617919921875,0.01611189916729927,False,False,False,True,False,4.707912445068359,0,True,False,174
43.1446647644043,1.0308544635772705,0.016892699524760246,False,False,False,True,False,4.691800594329834,0,True,False,171
43.160823822021484,1.0470956563949585,0.016241200268268585,False,False,False,True,False,4.674907684326172,0,True,False,168
43.177616119384766,1.0638866424560547,0.016790999099612236,False,False,False,True,False,4.658666610717773,0,True,False,165
43.19460678100586,1.080884337425232,0.016997599974274635,False,False,False,True,False,4.641875743865967,0,True,False,162
43.21056365966797,1.0968424081802368,0.01595810055732727,False,False,False,True,False,4.6248779296875,0,True,False,159
43.227603912353516,1.1138869524002075,0.01704449951648712,False,False,False,True,False,4.608919620513916,0,True,False,156
43.24367904663086,1.1299288272857666,0.016041899099946022,False,False,False,True,False,4.591875076293945,0,True,False,153
43.26058578491211,1.1468851566314697,0.016956299543380737,False,False,False,True,False,4.575833320617676,0,True,False,150
43.276763916015625,1.163061499595642,0.01617640070617199,False,False,False,True,False,4.558876991271973,0,True,False,147
43.29365158081055,1.1798433065414429,0.016781799495220184,False,False,False,True,False,4.54270076751709,0,True,False,144
43.309906005859375,1.196195125579834,0.01635180041193962,False,False,False,True,False,4.525918960571289,0,True,False,141.00001525878906
43.326602935791016,1.2128849029541016,0.01668979972600937,False,False,False,True,False,4.5095672607421875,0,True,False,138
43.343162536621094,1.2293299436569214,0.01644499972462654,False,False,False,True,False,4.49287748336792,0,True,False,135
43.359642028808594,1.245895266532898,0.01656539924442768,False,False,False,True,False,4.4764323234558105,0,True,False,132
43.37660598754883,1.2628484964370728,0.016953200101852417,False,False,False,True,False,4.459867000579834,0,True,False,129.00001525878906
43.393638610839844,1.2798519134521484,0.01700340025126934,False,False,False,True,False,4.442914009094238,0,True,False,126
43.40932846069336,1.2955950498580933,0.01574309915304184,False,False,False,True,False,4.425910472869873,0,True,False,123
43.42658615112305,1.3128776550292969,0.017282700166106224,False,False,False,True,False,4.410167217254639,0,True,False,120.00000762939453
43.4426383972168,1.3289241790771484,0.016046499833464622,False,False,False,True,False,4.392884731292725,0,True,False,117.00000762939453
43.45956039428711,1.3458436727523804,0.01691949926316738,False,False,False,True,False,4.376838207244873,0,True,False,114
43.47561264038086,1.3618618249893188,0.016018100082874298,False,False,False,True,False,4.359918594360352,0,True,False,111
43.49259948730469,1.3788543939590454,0.0169926006346941,False,False,False,True,False,4.343900680541992,0,True,False,108.00000762939453
43.50872802734375,1.3949979543685913,0.016143599525094032,False,False,False,True,False,4.326908111572266,0,True,False,105.00000762939453
43.52560043334961,1.411845088005066,0.016847100108861923,False,False,False,True,False,4.310764312744141,0,True,False,102.00000762939453
43.54187774658203,1.4281288385391235,0.016283700242638588,False,False,False,True,False,4.293917179107666,0,True,False,99.00000762939453
43.55861282348633,1.444854974746704,0.01672619953751564,False,False,False,True,False,4.2776336669921875,0,True,False,96.00000762939453
43.576019287109375,1.4618866443634033,0.017031600698828697,False,False,False,True,False,4.2609076499938965,0,True,False,93.00000762939453
43.59187698364258,1.4778921604156494,0.01600559987127781,False,False,False,True,False,4.243875980377197,0,True,False,90
43.608619689941406,1.494901418685913,0.017009200528264046,False,False,False,True,False,4.227870464324951,0,True,False,87.00000762939453
43.624725341796875,1.5109635591506958,0.016062099486589432,False,False,False,True,False,4.2108612060546875,0,True,False,84
43.64160919189453,1.5278842449188232,0.016920799389481544,False,False,False,True,False,4.194798946380615,0,True,False,81.00000762939453
43.65861129760742,1.5448577404022217,0.016973499208688736,False,False,False,True,False,4.177878379821777,0,True,False,78
43.67463302612305,1.5608516931533813,0.01599390059709549,False,False,False,True,False,4.160904884338379,0,True,False,75
43.69158172607422,1.577846884727478,0.016995200887322426,False,False,False,True,False,4.14491081237793,0,True,False,72
43.70769500732422,1.5938845872879028,0.016037700697779655,False,False,False,True,False,4.127915382385254,0,True,False,69.00000762939453
43.72465133666992,1.6108572483062744,0.016972599551081657,False,False,False,True,False,4.111877918243408,0,True,False,66.00000762939453
43.74066925048828,1.6269382238388062,0.01608099974691868,False,False,False,True,False,4.094905376434326,0,True,False,63.0000114440918
43.757720947265625,1.6438472270965576,0.016908999532461166,False,False,False,True,False,4.078824520111084,0,True,False,60.00000762939453
43.774803161621094,1.6608684062957764,0.01702119968831539,False,False,False,True,False,4.061915397644043,0,True,False,57.0000114440918
43.79055404663086,1.6766301393508911,0.01576169952750206,False,False,False,True,False,4.044894218444824,0,True,False,54.0000114440918
43.8068962097168,1.6931947469711304,0.01656470075249672,False,False,False,True,False,4.02913236618042,0,True,False,51.00000762939453
43.82356643676758,1.7098828554153442,0.016688000410795212,False,False,False,True,False,4.012567520141602,0,True,False,48.0000114440918
43.840614318847656,1.7268837690353394,0.017000999301671982,False,False,False,True,False,3.9958794116973877,0,True,False,45.00000762939453
43.85658264160156,1.7428946495056152,0.01601089909672737,False,False,False,True,False,3.9788784980773926,0,True,False,42.0000114440918
43.87364959716797,1.7598825693130493,0.01698789931833744,False,False,False,True,False,3.962867498397827,0,True,False,39.00001525878906
43.88972854614258,1.776028037071228,0.01614540070295334,False,False,False,True,False,3.9458796977996826,0,True,False,36.00001525878906
43.906612396240234,1.7929027080535889,0.016874700784683228,False,False,False,True,False,3.929734230041504,0,True,False,33.00001525878906
43.923641204833984,1.809902548789978,0.016999799758195877,False,False,False,True,False,3.9128594398498535,0,True,False,30.000011444091797
43.939640045166016,1.82593834400177,0.01603589951992035,False,False,False,True,False,3.895859718322754,0,True,False,27.000011444091797
43.95602035522461,1.8422954082489014,0.016357000917196274,False,False,False,True,False,3.879823923110962,0,True,False,24.000009536743164
43.97265625,1.8589048385620117,0.016609400510787964,False,False,False,True,False,3.86346697807312,0,True,False,21.000011444091797
43.9891357421875,1.8754279613494873,0.016523199155926704,False,False,False,True,False,3.8468575477600098,0,True,False,18.000009536743164
44.00580978393555,1.8919956684112549,0.01656769961118698,False,False,False,True,False,3.830334424972534,0,True,False,15.000009536743164
44.02227020263672,1.9085618257522583,0.016566099599003792,False,False,False,True,False,3.8137667179107666,0,True,False,12.000009536743164
44.03886032104492,1.9251316785812378,0.016569899395108223,False,False,False,True,False,3.7972006797790527,0,True,False,9.000009536743164
44.055641174316406,1.9419153928756714,0.0167836993932724,False,False,False,True,False,3.7806308269500732,0,True,False,6.000009536743164
44.07200622558594,1.9582637548446655,0.016348300501704216,False,False,False,True,False,3.7638471126556396,0,True,False,3.000009059906006
44.088619232177734,1.974905252456665,0.01664149947464466,False,False,False,True,False,3.7474987506866455,0,True,False,8.996127689897548E-06
44.105716705322266,1.9919407367706299,0.017035499215126038,False,False,False,True,False,3.7308571338653564,0,True,False,357
44.1218147277832,2.0079715251922607,0.016030799597501755,False,False,False,True,False,3.7138216495513916,0,True,False,354
44.13823699951172,2.0245280265808105,0.016556600108742714,False,False,False,True,False,3.6977908611297607,0,True,False,351
44.155616760253906,2.0418643951416016,0.017336400225758553,False,False,False,True,False,3.681234359741211,0,True,False,348
44.171722412109375,2.057904005050659,0.016039399430155754,False,False,False,True,False,3.66389799118042,0,True,False,345
44.188758850097656,2.0749552249908447,0.017051300033926964,False,False,False,True,False,3.6478586196899414,0,True,False,342
44.204654693603516,2.090904951095581,0.01594970002770424,False,False,False,True,False,3.630807399749756,0,True,False,339
44.22106170654297,2.107361078262329,0.016456199809908867,False,False,False,True,False,3.6148576736450195,0,True,False,336
44.23769760131836,2.1239326000213623,0.016571499407291412,False,False,False,True,False,3.5984015464782715,0,True,False,333
44.254764556884766,2.140869617462158,0.016936900094151497,False,False,False,True,False,3.5818300247192383,0,True,False,330
44.270931243896484,2.1570661067962646,0.01619669981300831,False,False,False,True,False,3.5648930072784424,0,True,False,327
44.287353515625,2.173628807067871,0.01656249910593033,False,False,False,True,False,3.548696279525757,0,True,False,324
44.303916931152344,2.1901955604553223,0.01656690053641796,False,False,False,True,False,3.5321338176727295,0,True,False,321
44.32061004638672,2.2069015502929688,0.01670599915087223,False,False,False,True,False,3.515566825866699,0,True,False,318
44.33702850341797,2.2233283519744873,0.016426799818873405,False,False,False,True,False,3.4988608360290527,0,True,False,315
44.353614807128906,2.2398951053619385,0.016566799953579903,False,False,False,True,False,3.482434034347534,0,True,False,312
44.37034606933594,2.256502389907837,0.01660729944705963,False,False,False,True,False,3.465867280960083,0,True,False,309
44.386775970458984,2.2730352878570557,0.01653270050883293,False,False,False,True,False,3.4492599964141846,0,True,False,306
44.40338134765625,2.289594888687134,0.016559800133109093,False,False,False,True,False,3.432727336883545,0,True,False,303
44.4207763671875,2.307013988494873,0.0174189992249012,False,False,False,True,False,3.4161674976348877,0,True,False,300
44.4367790222168,2.323031425476074,0.016017399728298187,False,False,False,True,False,3.3987483978271484,0,True,False,297
44.4530029296875,2.3392953872680664,0.01626409962773323,False,False,False,True,False,3.3827309608459473,0,True,False,294
44.46959686279297,2.3558616638183594,0.01656620018184185,False,False,False,True,False,3.366466760635376,0,True,False,291
44.48616027832031,2.3724284172058105,0.016566699370741844,False,False,False,True,False,3.349900484085083,0,True,False,288
44.50271987915039,2.3890223503112793,0.016593899577856064,False,False,False,True,False,3.333333730697632,0,True,False,285
44.51972579956055,2.406024694442749,0.017002400010824203,False,False,False,True,False,3.316739797592163,0,True,False,282
44.53596496582031,2.422128915786743,0.01610429957509041,False,False,False,True,False,3.2997374534606934,0,True,False,279
44.55282211303711,2.4390034675598145,0.01687449961900711,False,False,False,True,False,3.283633232116699,0,True,False,276
44.56899642944336,2.4552626609802246,0.016259200870990753,False,False,False,True,False,3.266758680343628,0,True,False,273
44.58557891845703,2.4718282222747803,0.01656549982726574,False,False,False,True,False,3.2504994869232178,0,True,False,270
44.60269546508789,2.4890260696411133,0.017197899520397186,False,False,False,True,False,3.233933925628662,0,True,False,267
44.618743896484375,2.5050196647644043,0.015993500128388405,False,False,False,True,False,3.216736078262329,0,True,False,264
44.635929107666016,2.522001266479492,0.01698159985244274,False,False,False,True,False,3.200742483139038,0,True,False,261
44.651885986328125,2.538095474243164,0.016094200313091278,False,False,False,True,False,3.18376088142395,0,True,False,258
44.66874313354492,2.5550222396850586,0.016926800832152367,False,False,False,True,False,3.1676666736602783,0,True,False,255
44.68575668334961,2.572028160095215,0.01700589992105961,False,False,False,True,False,3.150739908218384,0,True,False,252
44.701751708984375,2.5880229473114014,0.015994900837540627,False,False,False,True,False,3.1337339878082275,0,True,False,249
44.71809005737305,2.6043615341186523,0.016338499262928963,False,False,False,True,False,3.117739200592041,0,True,False,246
44.73487091064453,2.6209893226623535,0.016627900302410126,False,False,False,True,False,3.10140061378479,0,True,False,243
44.751380920410156,2.637495994567871,0.016506599262356758,False,False,False,True,False,3.084772825241089,0,True,False,240
44.76779556274414,2.6540613174438477,0.01656539924442768,False,False,False,True,False,3.0682661533355713,0,True,False,237.00001525878906
44.784698486328125,2.670987606048584,0.016926299780607224,False,False,False,True,False,3.0517008304595947,0,True,False,234.00001525878906
44.801082611083984,2.68719482421875,0.016207199543714523,False,False,False,True,False,3.0347745418548584,0,True,False,231
44.81772994995117,2.7039897441864014,0.016794899478554726,False,False,False,True,False,3.0185673236846924,0,True,False,228.00001525878906
44.834739685058594,2.720999002456665,0.017009200528264046,False,False,False,True,False,3.001772403717041,0,True,False,225.00001525878906
44.850669860839844,2.736987590789795,0.015988599509000778,False,False,False,True,False,2.9847631454467773,0,True,False,222.00001525878906
44.867225646972656,2.753462314605713,0.01647469960153103,False,False,False,True,False,2.9687745571136475,0,True,False,219.00001525878906
44.883853912353516,2.770029306411743,0.01656699925661087,False,False,False,True,False,2.9522998332977295,0,True,False,216.00001525878906
44.90068054199219,2.7869815826416016,0.01695219986140728,False,False,False,True,False,2.935732841491699,0,True,False,213.00001525878906
44.916873931884766,2.803161382675171,0.016179800033569336,False,False,False,True,False,2.918780565261841,0,True,False,210.00001525878906
44.93378448486328,2.8199896812438965,0.016828399151563644,False,False,False,True,False,2.9026007652282715,0,True,False,207
44.95072555541992,2.836984395980835,0.016994599252939224,False,False,False,True,False,2.885772466659546,0,True,False,204
44.96670150756836,2.852985143661499,0.0160009004175663,False,False,False,True,False,2.8687777519226074,0,True,False,201.00001525878906
44.98370361328125,2.869982957839966,0.016997799277305603,False,False,False,True,False,2.8527767658233643,0,True,False,198.00001525878906
44.99970626831055,2.8859949111938477,0.0160118006169796,False,False,False,True,False,2.8357789516448975,0,True,False,195
45.01627731323242,2.902562379837036,0.016567500308156013,False,False,False,True,False,2.8197672367095947,0,True,False,192
45.032814025878906,2.91912841796875,0.016566000878810883,False,False,False,True,False,2.8031997680664062,0,True,False,189.00001525878906
45.04972839355469,2.9359874725341797,0.01685909926891327,False,False,False,True,False,2.7866337299346924,0,True,False,186.00001525878906
45.06680679321289,2.9530205726623535,0.017033100128173828,False,False,False,True,False,2.7697746753692627,0,True,False,183
45.08268737792969,2.9689855575561523,0.01596510037779808,False,False,False,True,False,2.752741575241089,0,True,False,180
45.099117279052734,2.9853951930999756,0.016409600153565407,False,False,False,True,False,2.73677659034729,0,True,False,177.00001525878906
45.11569595336914,3.0019900798797607,0.0165948998183012,False,False,False,True,False,2.720366954803467,0,True,False,174.00001525878906
45.13224792480469,3.018528699874878,0.016538700088858604,False,False,False,True,False,2.7037720680236816,0,True,False,171.00001525878906
45.14971160888672,3.035992383956909,0.017463700845837593,False,False,False,True,False,2.6872334480285645,0,True,False,168
45.16576385498047,3.052004098892212,0.016011500731110573,False,False,False,True,False,2.669769763946533,0,True,False,165.00001525878906
45.18196105957031,3.0682284832000732,0.01622449979186058,False,False,False,True,False,2.6537582874298096,0,True,False,162.00001525878906
45.19873046875,3.0850024223327637,0.016773900017142296,False,False,False,True,False,2.6375339031219482,0,True,False,159
45.215850830078125,3.102006435394287,0.017004000023007393,False,False,False,True,False,2.620759963989258,0,True,False,156
45.2318115234375,3.1180026531219482,0.0159962996840477,False,False,False,True,False,2.6037559509277344,0,True,False,153.00001525878906
45.24821090698242,3.134495496749878,0.016492700204253197,False,False,False,True,False,2.5877597332000732,0,True,False,150.00001525878906
45.26480484008789,3.151062250137329,0.016566799953579903,False,False,False,True,False,2.5712671279907227,0,True,False,147
45.281715393066406,3.1679933071136475,0.016930999234318733,False,False,False,True,False,2.5547003746032715,0,True,False,144
45.29871368408203,3.1849968433380127,0.017003700137138367,False,False,False,True,False,2.537769317626953,0,True,False,141.00001525878906
45.31476593017578,3.200996160507202,0.01599919982254505,False,False,False,True,False,2.520765542984009,0,True,False,138
45.331050872802734,3.2173283100128174,0.016332099214196205,False,False,False,True,False,2.5047662258148193,0,True,False,135
45.34771728515625,3.2339954376220703,0.016667300835251808,False,False,False,True,False,2.488434076309204,0,True,False,132
45.364261627197266,3.2504637241363525,0.016468200832605362,False,False,False,True,False,2.471766710281372,0,True,False,129.00001525878906
45.38100051879883,3.26702880859375,0.016565000638365746,False,False,False,True,False,2.45529842376709,0,True,False,126
45.39774703979492,3.283998727798462,0.01697009988129139,False,False,False,True,False,2.4387333393096924,0,True,False,123
45.41389846801758,3.3001625537872314,0.016163799911737442,False,False,False,True,False,2.4217631816864014,0,True,False,120.00000762939453
45.430824279785156,3.317002058029175,0.01683950051665306,False,False,False,True,False,2.405599355697632,0,True,False,117.00000762939453
45.44703674316406,3.3332958221435547,0.016293799504637718,False,False,False,True,False,2.3887598514556885,0,True,False,114
45.463687896728516,3.3498620986938477,0.01656630076467991,False,False,False,True,False,2.3724660873413086,0,True,False,111
45.480690002441406,3.366990089416504,0.017128000035881996,False,False,False,True,False,2.3558998107910156,0,True,False,108.00000762939453
45.4967155456543,3.3829948902130127,0.016004599630832672,False,False,False,True,False,2.3387718200683594,0,True,False,105.00000762939453
45.513824462890625,3.4000084400177,0.01701360009610653,False,False,False,True,False,2.3227672576904297,0,True,False,102.00000762939453
45.530277252197266,3.416513681411743,0.016505399718880653,False,False,False,True,False,2.305753707885742,0,True,False,99.00000762939453
45.54643249511719,3.4327046871185303,0.016190899536013603,False,False,False,True,False,2.28924822807312,0,True,False,96.00000762939453
45.56304931640625,3.449263095855713,0.016558300703763962,False,False,False,True,False,2.273057222366333,0,True,False,93.00000762939453
45.580230712890625,3.46650767326355,0.017244599759578705,False,False,False,True,False,2.2564988136291504,0,True,False,90
45.59623336791992,3.4825124740600586,0.01600480079650879,False,False,False,True,False,2.2392542362213135,0,True,False,87.00000762939453
45.612674713134766,3.4989616870880127,0.016449199989438057,False,False,False,True,False,2.2232494354248047,0,True,False,84
45.62923812866211,3.515528678894043,0.01656709983944893,False,False,False,True,False,2.2068002223968506,0,True,False,81.00000762939453
45.64631652832031,3.5325100421905518,0.016981400549411774,False,False,False,True,False,2.1902332305908203,0,True,False,78
45.66246032714844,3.548671007156372,0.01616079919040203,False,False,False,True,False,2.1732518672943115,0,True,False,75
45.67924499511719,3.5655174255371094,0.01684650033712387,False,False,False,True,False,2.1570911407470703,0,True,False,72
45.695533752441406,3.5817952156066895,0.016277799382805824,False,False,False,True,False,2.140244722366333,0,True,False,69.00000762939453
45.71225357055664,3.598517417907715,0.01672220043838024,False,False,False,True,False,2.123966932296753,0,True,False,66.00000762939453
45.728660583496094,3.6149284839630127,0.01641100086271763,False,False,False,True,False,2.1072447299957275,0,True,False,63.0000114440918
45.745304107666016,3.631523609161377,0.01659509912133217,False,False,False,True,False,2.0908336639404297,0,True,False,60.00000762939453
45.762298583984375,3.6485142707824707,0.016990700736641884,False,False,False,True,False,2.0742385387420654,0,True,False,57.0000114440918
45.778411865234375,3.664639711380005,0.016125600785017014,False,False,False,True,False,2.0572478771209717,0,True,False,54.0000114440918
45.79521560668945,3.6815104484558105,0.01687069982290268,False,False,False,True,False,2.0411221981048584,0,True,False,51.00000762939453
45.81147766113281,3.6977622509002686,0.01625180058181286,False,False,False,True,False,2.0242514610290527,0,True,False,48.0000114440918
45.82827377319336,3.714552402496338,0.016790200024843216,False,False,False,True,False,2.0079996585845947,0,True,False,45.00000762939453
45.844600677490234,3.7308948040008545,0.016342399641871452,False,False,False,True,False,1.9912095069885254,0,True,False,42.0000114440918
45.8611946105957,3.7474613189697266,0.016566500067710876,False,False,False,True,False,1.9748671054840088,0,True,False,39.00001525878906
45.87826919555664,3.7645535469055176,0.017092199996113777,False,False,False,True,False,1.9583005905151367,0,True,False,36.00001525878906
45.89435958862305,3.7806034088134766,0.01604980044066906,False,False,False,True,False,1.9412083625793457,0,True,False,33.00001525878906
45.911067962646484,3.7971625328063965,0.016559099778532982,False,False,False,True,False,1.9251586198806763,0,True,False,30.000011444091797
45.92745590209961,3.8137285709381104,0.016566000878810883,False,False,False,True,False,1.9085994958877563,0,True,False,27.000011444091797
45.94425964355469,3.830526351928711,0.016797799617052078,False,False,False,True,False,1.8920334577560425,0,True,False,24.000009536743164
45.960689544677734,3.846863269805908,0.016336999833583832,False,False,False,True,False,1.875235676765442,0,True,False,21.000011444091797
45.977272033691406,3.8635613918304443,0.016698099672794342,False,False,False,True,False,1.858898639678955,0,True,False,18.000009536743164
45.99433135986328,3.880521535873413,0.016960199922323227,False,False,False,True,False,1.842200517654419,0,True,False,15.000009536743164
46.010440826416016,3.8965773582458496,0.016055800020694733,False,False,False,True,False,1.8252403736114502,0,True,False,12.000009536743164
46.026851654052734,3.91312837600708,0.016550999134778976,False,False,False,True,False,1.8091845512390137,0,True,False,9.000009536743164
46.04341125488281,3.9296953678131104,0.01656699925661087,False,False,False,True,False,1.7926335334777832,0,True,False,6.000009536743164
46.06026077270508,3.946518898010254,0.01682339981198311,False,False,False,True,False,1.776066541671753,0,True,False,3.000009059906006
46.07732009887695,3.9635279178619385,0.017009099945425987,False,False,False,True,False,1.759243130683899,0,True,False,8.996127689897548E-06
46.09324264526367,3.9795174598693848,0.015989499166607857,False,False,False,True,False,1.7422339916229248,0,True,False,357
46.110260009765625,3.996553421020508,0.01703600026667118,False,False,False,True,False,1.7262444496154785,0,True,False,354
46.12636184692383,4.012555122375488,0.01600169949233532,False,False,False,True,False,1.7092084884643555,0,True,False,351
46.14322280883789,4.0295538902282715,0.0169989001005888,False,False,False,True,False,1.693206787109375,0,True,False,348
46.15939712524414,4.045660972595215,0.016107099130749702,False,False,False,True,False,1.6762079000473022,0,True,False,345
46.17668533325195,4.062534332275391,0.01687300018966198,False,False,False,True,False,1.6601008176803589,0,True,False,342
46.19324493408203,4.079514980316162,0.01698089949786663,False,False,False,True,False,1.6432278156280518,0,True,False,339
46.20923614501953,4.095513820648193,0.015998700633645058,False,False,False,True,False,1.6262469291687012,0,True,False,336
46.22628402709961,4.112560272216797,0.017046499997377396,False,False,False,True,False,1.6102482080459595,0,True,False,333
46.24238204956055,4.128532886505127,0.015972699970006943,False,False,False,True,False,1.593201756477356,0,True,False,330
46.258792877197266,4.145061492919922,0.016528600826859474,False,False,False,True,False,1.5772290229797363,0,True,False,327
46.27534484863281,4.161628246307373,0.016566799953579903,False,False,False,True,False,1.5607004165649414,0,True,False,324
46.29188537597656,4.178195476531982,0.01656699925661087,False,False,False,True,False,1.5441336631774902,0,True,False,321
46.309226989746094,4.195511817932129,0.0173163004219532,False,False,False,True,False,1.52756667137146,0,True,False,318
46.3253173828125,4.211559295654297,0.016047600656747818,False,False,False,True,False,1.5102503299713135,0,True,False,315
46.34159851074219,4.227895259857178,0.016335900872945786,False,False,False,True,False,1.494202733039856,0,True,False,312
46.358848571777344,4.245114326477051,0.017219100147485733,False,False,False,True,False,1.4778668880462646,0,True,False,309
46.37487030029297,4.261045455932617,0.015931300818920135,False,False,False,True,False,1.4606478214263916,0,True,False,306
46.391780853271484,4.278074264526367,0.01702900044620037,False,False,False,True,False,1.4447165727615356,0,True,False,303
46.40794372558594,4.294162750244141,0.016088100150227547,False,False,False,True,False,1.4276875257492065,0,True,False,300
46.42475891113281,4.311037063598633,0.016874300315976143,False,False,False,True,False,1.4115993976593018,0,True,False,297
46.44186019897461,4.328112602233887,0.017075499519705772,False,False,False,True,False,1.3947250843048096,0,True,False,294
46.4581184387207,4.344111919403076,0.015999499708414078,False,False,False,True,False,1.3776495456695557,0,True,False,291
46.474449157714844,4.360444068908691,0.016332099214196205,False,False,False,True,False,1.361649990081787,0,True,False,288
46.49081802368164,4.377041339874268,0.0165972001850605,False,False,False,True,False,1.3453178405761719,0,True,False,285
46.50791549682617,4.394102573394775,0.017061300575733185,False,False,False,True,False,1.3287206888198853,0,True,False,282
46.52414321899414,4.410131454467773,0.016029100865125656,False,False,False,True,False,1.311659336090088,0,True,False,279
46.540828704833984,4.427038192749023,0.016906699165701866,False,False,False,True,False,1.2956302165985107,0,True,False,276
46.55707931518555,4.443263530731201,0.01622530072927475,False,False,False,True,False,1.2787234783172607,0,True,False,273
46.57368850708008,4.459831237792969,0.016567500308156013,False,False,False,True,False,1.262498140335083,0,True,False,270
46.59084701538086,4.477044582366943,0.017213700339198112,False,False,False,True,False,1.2459306716918945,0,True,False,267
46.60706329345703,4.493104457855225,0.016059499233961105,False,False,False,True,False,1.2287169694900513,0,True,False,264
46.6240119934082,4.510068416595459,0.016964100301265717,False,False,False,True,False,1.2126574516296387,0,True,False,261
46.639896392822266,4.526095390319824,0.016026999801397324,False,False,False,True,False,1.1956933736801147,0,True,False,258
46.656982421875,4.543055534362793,0.016960199922323227,False,False,False,True,False,1.1796663999557495,0,True,False,255
46.67310333251953,4.559228897094727,0.01617320068180561,False,False,False,True,False,1.1627062559127808,0,True,False,252
46.68982696533203,4.5760297775268555,0.016801200807094574,False,False,False,True,False,1.1465330123901367,0,True,False,249
46.70631408691406,4.592551231384277,0.01652129925787449,False,False,False,True,False,1.1297317743301392,0,True,False,246
46.72371292114258,4.609576225280762,0.017024900764226913,False,False,False,True,False,1.1132104396820068,0,True,False,243
46.73934555053711,4.6255879402160645,0.016011599451303482,False,False,False,True,False,1.096185564994812,0,True,False,240
46.75589370727539,4.642083644866943,0.016495799645781517,False,False,False,True,False,1.0801739692687988,0,True,False,237.00001525878906
46.772926330566406,4.6590776443481445,0.016993900761008263,False,False,False,True,False,1.0636781454086304,0,True,False,234.00001525878906
46.788917541503906,4.67519474029541,0.01611739955842495,False,False,False,True,False,1.0466842651367188,0,True,False,231
46.80579376220703,4.692076206207275,0.01688149943947792,False,False,False,True,False,1.0305668115615845,0,True,False,228.00001525878906
46.822853088378906,4.709070682525635,0.01699410006403923,False,False,False,True,False,1.0136853456497192,0,True,False,225.00001525878906
46.83879852294922,4.72507381439209,0.016003500670194626,False,False,False,True,False,0.9966912269592285,0,True,False,222.00001525878906
46.855831146240234,4.742074966430664,0.017000999301671982,False,False,False,True,False,0.9806877374649048,0,True,False,219.00001525878906
46.8718147277832,4.758079528808594,0.016004599630832672,False,False,False,True,False,0.9636867642402649,0,True,False,216.00001525878906
46.8887939453125,4.775071144104004,0.01699169911444187,False,False,False,True,False,0.9476821422576904,0,True,False,213.00001525878906
46.904884338378906,4.791162014007568,0.016090700402855873,False,False,False,True,False,0.9306904673576355,0,True,False,210.00001525878906
46.92143249511719,4.8077287673950195,0.01656690053641796,False,False,False,True,False,0.9145997762680054,0,True,False,207
46.93802261352539,4.824295520782471,0.016566799953579903,False,False,False,True,False,0.8980329036712646,0,True,False,204
46.95487976074219,4.841074466705322,0.016778800636529922,False,False,False,True,False,0.8814660906791687,0,True,False,201.00001525878906
46.97188949584961,4.8580803871154785,0.017006000503897667,False,False,False,True,False,0.8646872639656067,0,True,False,198.00001525878906
46.98780822753906,4.8740763664245605,0.015995699912309647,False,False,False,True,False,0.8476812839508057,0,True,False,195
47.00429153442383,4.890561580657959,0.01648540049791336,False,False,False,True,False,0.8316856026649475,0,True,False,192
47.021785736083984,4.908070087432861,0.017508599907159805,False,False,False,True,False,0.8152002096176147,0,True,False,189.00001525878906
47.037837982177734,4.924079418182373,0.016009099781513214,False,False,False,True,False,0.7976915836334229,0,True,False,186.00001525878906
47.05398178100586,4.940262317657471,0.016182800754904747,False,False,False,True,False,0.7816824913024902,0,True,False,183
47.070858001708984,4.957113265991211,0.01685130037367344,False,False,False,True,False,0.7654997110366821,0,True,False,180
47.08779525756836,4.974075794219971,0.016962600871920586,False,False,False,True,False,0.7486484050750732,0,True,False,177.00001525878906
47.103885650634766,4.990077018737793,0.01600099913775921,False,False,False,True,False,0.7316858172416687,0,True,False,174.00001525878906
47.12024688720703,5.006528854370117,0.016451900824904442,False,False,False,True,False,0.7156848311424255,0,True,False,171.00001525878906
47.136837005615234,5.0231146812438965,0.01658559963107109,False,False,False,True,False,0.6992329359054565,0,True,False,168
47.1538200378418,5.040085792541504,0.016971299424767494,False,False,False,True,False,0.6826473474502563,0,True,False,165.00001525878906
47.169944763183594,5.056228160858154,0.016142399981617928,False,False,False,True,False,0.6656760573387146,0,True,False,162.00001525878906
47.18651580810547,5.0727949142456055,0.016566799953579903,False,False,False,True,False,0.6495336294174194,0,True,False,159
47.20308303833008,5.089361667633057,0.016566699370741844,False,False,False,True,False,0.6329668164253235,0,True,False,156
47.21965789794922,5.10592794418335,0.016566399484872818,False,False,False,True,False,0.6164001226425171,0,True,False,153.00001525878906
47.236427307128906,5.122704029083252,0.01677590049803257,False,False,False,True,False,0.5998337268829346,0,True,False,150.00001525878906
47.253448486328125,5.139699459075928,0.01699559949338436,False,False,False,True,False,0.5830578207969666,0,True,False,147
47.269412994384766,5.155703067779541,0.016003500670194626,False,False,False,True,False,0.5660622119903564,0,True,False,144
47.2859001159668,5.1721954345703125,0.01649240031838417,False,False,False,True,False,0.5500587224960327,0,True,False,141.00001525878906
47.30339050292969,5.189663410186768,0.017467699944972992,False,False,False,True,False,0.5335662961006165,0,True,False,138
47.319053649902344,5.205328464508057,0.01566549949347973,False,False,False,True,False,0.5160986185073853,0,True,False,135
47.33561706542969,5.221895217895508,0.016566399484872818,False,False,False,True,False,0.5004331469535828,0,True,False,132
47.352516174316406,5.238705158233643,0.01680999994277954,False,False,False,True,False,0.48386675119400024,0,True,False,129.00001525878906
47.36873245239258,5.255028247833252,0.01632310077548027,False,False,False,True,False,0.4670567512512207,0,True,False,126
47.3853759765625,5.271663665771484,0.016635600477457047,False,False,False,True,False,0.45073366165161133,0,True,False,123
47.402400970458984,5.288706302642822,0.017042700201272964,False,False,False,True,False,0.4340980648994446,0,True,False,120.00000762939453
47.41843795776367,5.304728031158447,0.016021499410271645,False,False,False,True,False,0.4170553684234619,0,True,False,117.00000762939453
47.43541717529297,5.321703910827637,0.016975700855255127,False,False,False,True,False,0.401033878326416,0,True,False,114
47.4524040222168,5.338703632354736,0.017000000923871994,False,False,False,True,False,0.3840581774711609,0,True,False,111
47.46852493286133,5.354677677154541,0.015974199399352074,False,False,False,True,False,0.3670581877231598,0,True,False,108.00000762939453
47.48470687866211,5.37099552154541,0.01631760038435459,False,False,False,True,False,0.35108399391174316,0,True,False,105.00000762939453
47.501468658447266,5.387720584869385,0.01672529987990856,False,False,False,True,False,0.3347663879394531,0,True,False,102.00000762939453
47.5178337097168,5.404128551483154,0.01640770025551319,False,False,False,True,False,0.3180410861968994,0,True,False,99.00000762939453
47.53444290161133,5.420705318450928,0.01657699979841709,False,False,False,True,False,0.30163338780403137,0,True,False,96.00000762939453
47.55139923095703,5.437701225280762,0.016995800659060478,False,False,False,True,False,0.28505638241767883,0,True,False,93.00000762939453
47.567543029785156,5.45382833480835,0.016126900911331177,False,False,False,True,False,0.2680605947971344,0,True,False,90
47.58441925048828,5.470670700073242,0.016842499375343323,False,False,False,True,False,0.2519336938858032,0,True,False,87.00000762939453
47.600833892822266,5.486964702606201,0.016294000670313835,False,False,False,True,False,0.2350911945104599,0,True,False,84
47.61748504638672,5.503672122955322,0.016707399860024452,False,False,False,True,False,0.21879719197750092,0,True,False,81.00000762939453
47.6343879699707,5.520662784576416,0.016990700736641884,False,False,False,True,False,0.20208978652954102,0,True,False,78
47.65038299560547,5.536666393280029,0.016003400087356567,False,False,False,True,False,0.18509908020496368,0,True,False,75
47.66699981689453,5.553228855133057,0.016562599688768387,False,False,False,True,False,0.16909568011760712,0,True,False,72
47.68364334106445,5.569795608520508,0.01656690053641796,False,False,False,True,False,0.15253308415412903,0,True,False,69.00000762939453
47.70040512084961,5.586699485778809,0.01690400019288063,False,False,False,True,False,0.13596618175506592,0,True,False,66.00000762939453
47.71675109863281,5.602929592132568,0.0162298996001482,False,False,False,True,False,0.11906218528747559,0,True,False,63.0000114440918
47.73345947265625,5.619701862335205,0.016772199422121048,False,False,False,True,False,0.10283228754997253,0,True,False,60.00000762939453
47.74984359741211,5.636061668395996,0.01635969989001751,False,False,False,True,False,0.08606009185314178,0,True,False,57.0000114440918
47.76643753051758,5.652681350708008,0.016619699075818062,False,False,False,True,False,0.06970039010047913,0,True,False,54.0000114440918
47.783447265625,5.669682025909424,0.017000900581479073,False,False,False,True,False,0.05308069288730621,0,True,False,51.00000762939453
47.799503326416016,5.685763359069824,0.016081100329756737,False,False,False,True,False,0.03607979416847229,0,True,False,48.0000114440918
47.81650924682617,5.702329158782959,0.016566000878810883,False,False,False,True,False,0.019998693838715553,0,True,False,45.00000762939453
47.83346176147461,5.71967887878418,0.01734980009496212,False,False,False,True,False,0.0034326929599046707,0,True,False,42.0000114440918
47.849185943603516,5.735461711883545,0.015782799571752548,False,False,True,False,False,-0.01391710713505745,0,False,True,
47.86576461791992,5.752029895782471,0.016567999497056007,False,False,True,False,False,-0.01391710713505745,0.015782799571752548,False,True,
47.8824577331543,5.768667697906494,0.01663769967854023,False,False,True,False,False,-0.01391710713505745,0.032350800931453705,False,True,
47.89949035644531,5.785665035247803,0.016997700557112694,False,False,True,False,False,-0.01391710713505745,0.048988498747348785,False,True,
47.91557693481445,5.801729202270508,0.016064200550317764,False,False,True,False,False,-0.01391710713505745,0.06598620116710663,False,True,
47.932395935058594,5.818667411804199,0.01693820022046566,False,False,True,False,False,-0.01391710713505745,0.0820503979921341,False,True,
47.94858169555664,5.8348612785339355,0.016193699091672897,False,False,True,False,False,-0.01391710713505745,0.0989886000752449,False,True,
47.96516036987305,5.851428508758545,0.016567299142479897,False,False,True,False,False,-0.01391710713505745,0.1151822954416275,False,True,
47.98170852661133,5.867994785308838,0.01656630076467991,False,False,True,False,False,-0.01391710713505745,0.13174960017204285,False,True,
47.998409271240234,5.884666442871094,0.016671400517225266,False,False,True,False,False,-0.01391710713505745,0.1483159065246582,False,True,
48.0155143737793,5.901668071746826,0.017001599073410034,False,False,True,False,False,-0.01391710713505745,0.16498731076717377,False,True,
48.03152084350586,5.917695999145508,0.01602800004184246,False,False,True,False,False,-0.01391710713505745,0.1819889098405838,False,True,
48.04804992675781,5.934262752532959,0.01656690053641796,False,False,True,False,False,-0.01391710713505745,0.1980169117450714,False,True,
48.06455612182617,5.950829029083252,0.016566000878810883,False,False,True,False,False,-0.01391710713505745,0.21458381414413452,False,True,
48.08143615722656,5.967665195465088,0.01683660037815571,False,False,True,False,False,-0.01391710713505745,0.231149822473526,False,True,
48.097679138183594,5.983962535858154,0.016296900808811188,False,False,True,False,False,-0.01391710713505745,0.24798642098903656,False,True,
48.11449432373047,6.000668048858643,0.01670590043067932,False,False,True,False,False,-0.01391710713505745,0.26428332924842834,False,True,
48.130889892578125,6.017095565795898,0.016427399590611458,False,False,True,False,False,-0.01391710713505745,0.28098922967910767,False,True,
48.14742660522461,6.033661365509033,0.016565600410103798,True,True,False,False,True,-0.01391710713505745,0.297416627407074,False,False,
48.16447830200195,6.050662994384766,0.01700199954211712,True,True,False,False,True,-0.01391710713505745,0.297416627407074,False,False,
48.18061065673828,6.066795349121094,0.01613220013678074,True,True,False,False,True,-0.01391710713505745,0.297416627407074,False,False,
48.197444915771484,6.083670616149902,0.016875099390745163,True,True,False,False,True,-0.01391710713505745,0.297416627407074,False,False,
48.21379470825195,6.099929332733154,0.016258999705314636,True,True,False,False,True,-0.01391710713505745,0.297416627407074,False,False,
48.23051071166992,6.1164960861206055,0.016566600650548935,True,True,False,False,True,-0.01391710713505745,0.297416627407074,False,False,
48.24681854248047,6.133062362670898,0.016566500067710876,True,True,False,False,True,-0.01391710713505745,0.297416627407074,False,False,
48.26343536376953,6.149665832519531,0.016603000462055206,True,True,False,False,True,-0.01391710713505745,0.297416627407074,False,False,
48.280494689941406,6.166670799255371,0.01700510084629059,True,True,False,False,True,-0.01391710713505745,0.297416627407074,False,False,
48.29658889770508,6.182762622833252,0.016092099249362946,True,True,False,False,True,-0.01391710713505745,0.297416627407074,False,False,
48.313087463378906,6.199328899383545,0.016566099599003792,True,True,False,False,True,-0.01391710713505745,0.297416627407074,False,False,
48.32963943481445,6.21589469909668,0.016566000878810883,True,True,False,False,True,-0.01391710713505745,0.297416627407074,False,False,
48.34646224975586,6.232676982879639,0.01678219996392727,True,True,False,False,True,-0.01391710713505745,0.297416627407074,False,False,
48.363502502441406,6.249664306640625,0.01698710024356842,True,True,False,False,True,-0.01391710713505745,0.297416627407074,False,False,
48.37939453125,6.265657901763916,0.01599380001425743,True,True,False,False,True,-0.01391710713505745,0.297416627407074,False,False,
48.39611053466797,6.282163143157959,0.016505099833011627,True,True,False,False,True,-0.01391710713505745,0.297416627407074,False,False,
48.412445068359375,6.298728942871094,0.016565900295972824,True,True,False,False,True,-0.01391710713505745,0.297416627407074,False,False,
48.42943572998047,6.3156633377075195,0.016934199258685112,True,True,False,False,True,-0.01391710713505745,0.297416627407074,False,False,
48.44638442993164,6.332665920257568,0.017002500593662262,True,True,False,False,True,-0.01391710713505745,0.297416627407074,False,False,
48.46242904663086,6.3486762046813965,0.016010699793696404,True,True,False,False,True,-0.01391710713505745,0.297416627407074,False,False,
48.478721618652344,6.364995002746582,0.01631850004196167,True,True,False,False,True,-0.01391710713505745,0.297416627407074,False,False,
48.49534606933594,6.381562232971191,0.016567500308156013,True,True,False,False,True,-0.01391710713505745,0.297416627407074,False,False,
48.51185989379883,6.398128509521484,0.016566099599003792,True,True,False,False,True,-0.01391710713505745,0.297416627407074,False,False,
48.52841567993164,6.4146952629089355,0.016566699370741844,True,True,False,False,True,-0.01391710713505745,0.297416627407074,False,False,
48.54505920410156,6.4312639236450195,0.01656850054860115,True,True,False,False,True,-0.01391710713505745,0.297416627407074,False,False,
48.56157302856445,6.447828769683838,0.016564900055527687,True,True,False,False,True,-0.01391710713505745,0.297416627407074,False,False,
48.57840347290039,6.464669227600098,0.016840500757098198,True,True,False,False,True,-0.01391710713505745,0.297416627407074,False,False,
48.595394134521484,6.481666564941406,0.016997599974274635,True,True,False,False,True,-0.01391710713505745,0.297416627407074,False,False,
48.61139678955078,6.497676372528076,0.016009800136089325,True,True,False,False,True,-0.01391710713505745,0.297416627407074,False,False,
48.628414154052734,6.514669895172119,0.016993600875139236,True,True,False,False,True,-0.01391710713505745,0.297416627407074,False,False,
48.64451217651367,6.530673027038574,0.016002900898456573,True,True,False,False,True,-0.01391710713505745,0.297416627407074,False,False,
48.661094665527344,6.547231197357178,0.01655839942395687,True,True,False,False,True,-0.01391710713505745,0.297416627407074,False,False,
48.67763137817383,6.563796043395996,0.01656460016965866,True,True,False,False,True,-0.01391710713505745,0.297416627407074,False,False,
48.69446563720703,6.580667495727539,0.016871299594640732,True,True,False,False,True,-0.01391710713505745,0.297416627407074,False,False,
48.711402893066406,6.5976643562316895,0.01699710078537464,True,True,False,False,True,-0.01391710713505745,0.297416627407074,False,False,
48.72748565673828,6.61367130279541,0.016006700694561005,True,True,False,False,True,-0.01391710713505745,0.297416627407074,False,False,
48.74386215209961,6.630062580108643,0.01639150083065033,True,True,False,False,True,-0.01391710713505745,0.297416627407074,False,False,
48.76038360595703,6.646663188934326,0.01660040020942688,True,True,False,False,True,-0.01391710713505745,0.297416627407074,False,False,
48.78286361694336,6.663663864135742,0.017000799998641014,True,True,False,False,True,-0.01391710713505745,0.297416627407074,False,False,
48.79355239868164,6.679759979248047,0.01609629951417446,True,True,False,False,True,-0.01391710713505745,0.297416627407074,False,False,
48.810394287109375,6.6966681480407715,0.016908200457692146,True,True,False,False,True,-0.01391710713505745,0.297416627407074,False,False,
48.826629638671875,6.71289587020874,0.016227399930357933,True,True,False,False,True,-0.01391710713505745,0.297416627407074,False,False,
48.8433837890625,6.729665279388428,0.01676980033516884,True,True,False,False,True,-0.01391710713505745,0.297416627407074,False,False,
48.860469818115234,6.746666431427002,0.017000799998641014,True,True,False,False,True,-0.01391710713505745,0.297416627407074,False,False,
48.87649917602539,6.7626752853393555,0.016008900478482246,True,True,False,False,True,-0.01391710713505745,0.297416627407074,False,False,
48.893394470214844,6.779661178588867,0.016986200585961342,True,True,False,False,True,-0.01391710713505745,0.297416627407074,False,False,
48.9094352722168,6.795727729797363,0.016066400334239006,True,True,False,False,True,-0.01391710713505745,0.297416627407074,False,False,
48.9260139465332,6.812295436859131,0.016567399725317955,True,True,False,False,True,-0.01391710713505745,0.297416627407074,False,False,
48.94261169433594,6.828861713409424,0.01656630076467991,True,True,False,False,True,-0.01391710713505745,0.297416627407074,False,False,
48.959442138671875,6.845701694488525,0.01684029959142208,True,True,False,False,True,-0.01391710713505745,0.297416627407074,False,False,
48.97642135620117,6.862668991088867,0.016967300325632095,True,True,False,False,True,-0.01391710713505745,0.297416627407074,False,False,
48.99242401123047,6.8786702156066895,0.0160009004175663,True,True,False,False,True,-0.01391710713505745,0.297416627407074,False,False,
49.00939178466797,6.895664691925049,0.016994500532746315,True,True,False,False,True,-0.01391710713505745,0.297416627407074,False,False,
49.02542495727539,6.9116950035095215,0.016030700877308846,True,True,False,False,True,-0.01391710713505745,0.297416627407074,False,False,
49.04240036010742,6.928668022155762,0.016973000019788742,True,True,False,False,True,-0.01391710713505745,0.297416627407074,False,False,
49.059444427490234,6.9457011222839355,0.017032800242304802,True,True,False,False,True,-0.01391710713505745,0.297416627407074,False,False,
49.07548904418945,6.96167516708374,0.015974100679159164,True,True,False,False,True,-0.01391710713505745,0.297416627407074,False,False,
49.09244918823242,6.9786696434021,0.016994699835777283,True,True,False,False,True,-0.01391710713505745,0.297416627407074,False,False,
49.10844039916992,6.994699954986572,0.016030199825763702,True,True,False,False,True,-0.01391710713505745,0.297416627407074,False,False,
49.125431060791016,7.0117058753967285,0.017006099224090576,True,True,False,False,True,-0.01391710713505745,0.297416627407074,False,False,
49.14139938354492,7.027667999267578,0.015961699187755585,True,True,False,False,True,-0.01391710713505745,0.297416627407074,False,False,
49.15846633911133,7.044702529907227,0.017034800723195076,True,True,False,False,True,-0.01391710713505745,0.297416627407074,False,False,
49.174537658691406,7.060795307159424,0.016092700883746147,True,True,False,False,True,-0.01391710713505745,0.297416627407074,False,False,
49.19157791137695,7.07770299911499,0.01690790057182312,True,True,False,False,True,-0.01391710713505745,0.297416627407074,False,False,
49.207881927490234,7.093930244445801,0.01622699946165085,True,True,False,False,True,-0.01391710713505745,0.297416627407074,False,False,
49.22456741333008,7.110672950744629,0.016742700710892677,True,True,False,False,True,-0.01391710713505745,0.297416627407074,False,False,
49.24149703979492,7.127668380737305,0.016995400190353394,True,True,False,False,True,-0.01391710713505745,0.297416627407074,False,False,
49.25747299194336,7.1436920166015625,0.016023699194192886,True,True,False,False,True,-0.01391710713505745,0.297416627407074,False,False,
49.274471282958984,7.160706520080566,0.01701430045068264,True,True,False,False,True,-0.01391710713505745,0.297416627407074,False,False,
49.290523529052734,7.176761627197266,0.01605530083179474,True,True,False,False,True,-0.01391710713505745,0.297416627407074,False,False,
49.30744934082031,7.193667888641357,0.016906099393963814,True,True,False,False,True,-0.01391710713505745,0.297416627407074,False,False,
49.32369613647461,7.209895610809326,0.016227899119257927,True,True,False,False,True,-0.01391710713505745,0.297416627407074,False,False,
49.34046936035156,7.226718902587891,0.01682329922914505,True,True,False,False,True,-0.01391710713505745,0.297416627407074,False,False,
49.35743713378906,7.243708610534668,0.01698959991335869,True,True,False,False,True,-0.01391710713505745,0.297416627407074,False,False,
49.37346267700195,7.259678363800049,0.015969999134540558,True,True,False,False,True,-0.01391710713505745,0.297416627407074,False,False,
49.39043045043945,7.276693820953369,0.017015499994158745,True,True,False,False,True,-0.01391710713505745,0.297416627407074,False,False,
49.40653610229492,7.292728900909424,0.016034699976444244,True,True,False,False,True,-0.01391710713505745,0.297416627407074,False,False,
49.42365646362305,7.309690475463867,0.016961799934506416,True,True,False,False,True,-0.01391710713505745,0.297416627407074,False,False,
49.43960189819336,7.325861930847168,0.016171399503946304,True,True,False,False,True,-0.01391710713505745,0.297416627407074,False,False,
49.456459045410156,7.342665195465088,0.016803499311208725,True,True,False,False,True,-0.01391710713505745,0.297416627407074,False,False,
49.4735107421875,7.359677314758301,0.0170121006667614,True,True,False,False,True,-0.01391710713505745,0.297416627407074,False,False,
49.489322662353516,7.375565052032471,0.01588740013539791,True,True,False,False,True,-0.01391710713505745,0.297416627407074,False,False,
49.505958557128906,7.392130374908447,0.016565699130296707,True,True,False,False,True,-0.01391710713505745,0.297416627407074,False,False,
49.52265167236328,7.408930778503418,0.01679999940097332,True,True,False,False,True,-0.01391710713505745,0.297416627407074,False,False,
49.539791107177734,7.425947189331055,0.017016399651765823,True,True,False,False,True,-0.01391710713505745,0.297416627407074,False,False,
49.55582809448242,7.441929817199707,0.015982799232006073,True,True,False,False,True,-0.01391710713505745,0.297416627407074,False,False,
49.57271194458008,7.458933353424072,0.0170035008341074,True,True,False,False,True,-0.01391710713505745,0.297416627407074,False,False,
49.58868408203125,7.474965572357178,0.016032300889492035,True,True,False,False,True,-0.01391710713505745,0.297416627407074,False,False,
49.605716705322266,7.491921424865723,0.016955800354480743,True,True,False,False,True,-0.01391710713505745,0.297416627407074,False,False,
49.62180709838867,7.5080952644348145,0.016173699870705605,True,True,False,False,True,-0.01391710713505745,0.297416627407074,False,False,
49.638710021972656,7.524957180023193,0.01686199940741062,True,True,False,False,True,-0.01391710713505745,0.297416627407074,False,False,
49.65492630004883,7.541228294372559,0.01627109944820404,True,True,False,False,True,-0.01391710713505745,0.297416627407074,False,False,
49.671634674072266,7.55792236328125,0.01669440045952797,True,True,False,False,True,-0.01391710713505745,0.297416627407074,False,False,
49.68815994262695,7.574362277984619,0.01643979921936989,True,True,False,False,True,-0.01391710713505745,0.297416627407074,False,False,
49.70476531982422,7.590982437133789,0.01661979965865612,True,True,False,False,True,-0.01391710713505745,0.297416627407074,False,False,
49.72126007080078,7.607495307922363,0.016513099893927574,True,True,False,False,True,-0.01391710713505745,0.297416627407074,False,False,
49.73784637451172,7.624061584472656,0.01656630076467991,True,True,False,False,True,-0.01391710713505745,0.297416627407074,False,False,
49.7547492980957,7.640939712524414,0.016878100112080574,True,True,False,False,True,-0.01391710713505745,0.297416627407074,False,False,
49.77167892456055,7.657933235168457,0.01699339970946312,True,True,False,False,True,-0.01391710713505745,0.297416627407074,False,False,
49.78779602050781,7.673976421356201,0.016043199226260185,True,True,False,False,True,-0.01391710713505745,0.297416627407074,False,False,
49.80487823486328,7.690944194793701,0.01696779951453209,True,True,False,False,True,-0.01391710713505745,0.297416627407074,False,False,
49.82099914550781,7.70694637298584,0.01600250042974949,True,True,False,False,True,-0.01391710713505745,0.297416627407074,False,False,
49.83718490600586,7.723461627960205,0.01651499979197979,True,True,False,False,True,-0.01391710713505745,0.297416627407074,False,False,
49.853759765625,7.740028381347656,0.016566799953579903,True,True,False,False,True,-0.01391710713505745,0.297416627407074,False,False,
49.87065887451172,7.75692081451416,0.01689239963889122,True,True,False,False,True,-0.01391710713505745,0.297416627407074,False,False,
49.886932373046875,7.7731614112854,0.016240699216723442,True,True,False,False,True,-0.01391710713505745,0.297416627407074,False,False,
49.90348815917969,7.78972864151001,0.016567299142479897,True,True,False,False,True,-0.01391710713505745,0.297416627407074,False,False,
49.920745849609375,7.8069562911987305,0.017227400094270706,True,True,False,False,True,-0.01391710713505745,0.297416627407074,False,False,
49.93669891357422,7.822958946228027,0.016002599149942398,True,True,False,False,True,-0.01391710713505745,0.297416627407074,False,False,
49.95372009277344,7.839959621429443,0.017000999301671982,True,True,False,False,True,-0.01391710713505745,0.297416627407074,False,False,
49.96971893310547,7.855995178222656,0.01603519916534424,True,True,False,False,True,-0.01391710713505745,0.297416627407074,False,False,
49.98641586303711,7.872561931610107,0.016566699370741844,True,True,False,False,True,-0.01391710713505745,0.297416627407074,False,False,
50.002845764160156,7.8891282081604,0.016566699370741844,True,True,False,False,True,-0.01391710713505745,0.297416627407074,False,False,
50.01943588256836,7.905694484710693,0.01656630076467991,True,True,False,False,True,-0.01391710713505745,0.297416627407074,False,False,
50.03599548339844,7.922261714935303,0.016566799953579903,True,True,False,False,True,-0.01391710713505745,0.297416627407074,False,False,
50.052555084228516,7.938827991485596,0.016566699370741844,True,True,False,False,True,-0.01391710713505745,0.297416627407074,False,False,
50.06911087036133,7.955394744873047,0.016566500067710876,True,True,False,False,True,-0.01391710713505745,0.297416627407074,False,False,
50.085693359375,7.971961975097656,0.016567200422286987,True,True,False,False,True,-0.01391710713505745,0.297416627407074,False,False,
50.102638244628906,7.988915920257568,0.016953900456428528,True,True,False,False,True,-0.01391710713505745,0.297416627407074,False,False,
50.11881637573242,8.005095481872559,0.016179800033569336,True,True,False,False,True,-0.01391710713505745,0.297416627407074,False,False,
50.13550567626953,8.021662712097168,0.01656699925661087,True,True,False,False,True,-0.01391710713505745,0.297416627407074,False,False,
50.15203857421875,8.038228988647461,0.016566399484872818,True,True,False,False,True,-0.01391710713505745,0.297416627407074,False,False,
50.168697357177734,8.054961204528809,0.016731800511479378,True,True,False,False,True,-0.01391710713505745,0.297416627407074,False,False,
50.18513488769531,8.071362495422363,0.016401300206780434,True,True,False,False,True,-0.01391710713505745,0.297416627407074,False,False,
50.20170211791992,8.087958335876465,0.016595900058746338,True,True,False,False,True,-0.01391710713505745,0.297416627407074,False,False,
50.21824645996094,8.10449504852295,0.016536900773644447,True,True,False,False,True,-0.01391710713505745,0.297416627407074,False,False,
50.23478698730469,8.121062278747559,0.01656699925661087,True,True,False,False,True,-0.01391710713505745,0.297416627407074,False,False,
50.25172805786133,8.137956619262695,0.016894400119781494,True,True,False,False,True,-0.01391710713505745,0.297416627407074,False,False,
50.267948150634766,8.154194831848145,0.0162384994328022,True,True,False,False,True,-0.01391710713505745,0.297416627407074,False,False,
50.28473663330078,8.17092514038086,0.016730299219489098,True,True,False,False,True,-0.01391710713505745,0.297416627407074,False,False,
50.301700592041016,8.187955856323242,0.01703069917857647,True,True,False,False,True,-0.01391710713505745,0.297416627407074,False,False,
50.31769943237305,8.203959465026855,0.016004100441932678,True,True,False,False,True,-0.01391710713505745,0.297416627407074,False,False,
50.334190368652344,8.22046184539795,0.016502300277352333,True,True,False,False,True,-0.01391710713505745,0.297416627407074,False,False,
50.35078811645508,8.237028121948242,0.01656630076467991,True,True,False,False,True,-0.01391710713505745,0.297416627407074,False,False,
50.36772155761719,8.253958702087402,0.01693039946258068,True,True,False,False,True,-0.01391710713505745,0.297416627407074,False,False,
50.383914947509766,8.270162582397461,0.016203299164772034,True,True,False,False,True,-0.01391710713505745,0.297416627407074,False,False,
50.400779724121094,8.2869234085083,0.01676129922270775,True,True,False,False,True,-0.01391710713505745,0.297416627407074,False,False,
50.41764831542969,8.30391788482666,0.01699410006403923,True,True,False,False,True,-0.01391710713505745,0.297416627407074,False,False,
50.43367385864258,8.319916725158691,0.015998799353837967,True,True,False,False,True,-0.01391710713505745,0.297416627407074,False,False,
50.45015335083008,8.33642864227295,0.01651199907064438,True,True,False,False,True,-0.01391710713505745,0.297416627407074,False,False,
50.466766357421875,8.352995872497559,0.01656699925661087,True,True,False,False,True,-0.01391710713505745,0.297416627407074,False,False,
50.483299255371094,8.369562149047852,0.016566600650548935,True,True,False,False,True,-0.01391710713505745,0.297416627407074,False,False,
50.49986267089844,8.386128425598145,0.016566500067710876,True,True,False,False,True,-0.01391710713505745,0.297416627407074,False,False,
50.51668930053711,8.402956008911133,0.01682710088789463,True,True,False,False,True,-0.01391710713505745,0.297416627407074,False,False,
50.532989501953125,8.419261932373047,0.01630610041320324,True,True,False,False,True,-0.01391710713505745,0.297416627407074,False,False,
50.54967498779297,8.435955047607422,0.016693100333213806,True,True,False,False,True,-0.01391710713505745,0.297416627407074,False,False,
50.56671905517578,8.452924728393555,0.016969699412584305,True,True,False,False,True,-0.01391710713505745,0.297416627407074,False,False,
50.58264923095703,8.468961715698242,0.016037199646234512,True,True,False,False,True,-0.01391710713505745,0.297416627407074,False,False,
50.59968566894531,8.485963821411133,0.017002200707793236,True,True,False,False,True,-0.01391710713505745,0.297416627407074,False,False,
50.61582946777344,8.502094268798828,0.016130700707435608,True,True,False,False,True,-0.01391710713505745,0.297416627407074,False,False,
50.6326789855957,8.518960952758789,0.016866400837898254,True,True,False,False,True,-0.01391710713505745,0.297416627407074,False,False,
50.648948669433594,8.535228729248047,0.01626729965209961,True,True,False,False,True,-0.01391710713505745,0.297416627407074,False,False,
50.66582489013672,8.551929473876953,0.016701599583029747,True,True,False,False,True,-0.01391710713505745,0.297416627407074,False,False,
50.682151794433594,8.56836223602295,0.016432199627161026,True,True,False,False,True,-0.01391710713505745,0.297416627407074,False,False,
50.69865036010742,8.584928512573242,0.016566099599003792,True,True,False,False,True,-0.01391710713505745,0.297416627407074,False,False,
50.71523666381836,8.601495742797852,0.016567200422286987,True,True,False,False,True,-0.01391710713505745,0.297416627407074,False,False,
50.7318000793457,8.618062019348145,0.016566600650548935,True,True,False,False,True,-0.01391710713505745,0.297416627407074,False,False,
50.74868392944336,8.63495922088623,0.016897600144147873,True,True,False,False,True,-0.01391710713505745,0.297416627407074,False,False,
50.76492691040039,8.651195526123047,0.01623550057411194,True,True,False,False,True,-0.01391710713505745,0.297416627407074,False,False,
50.78167724609375,8.667957305908203,0.016762200742959976,True,True,False,False,True,-0.01391710713505745,0.297416627407074,False,False,
50.798683166503906,8.684959411621094,0.01700180023908615,True,True,False,False,True,-0.01391710713505745,0.297416627407074,False,False,
50.81477355957031,8.700928688049316,0.01596969924867153,True,True,False,False,True,-0.01391710713505745,0.297416627407074,False,False,
50.83170700073242,8.717960357666016,0.017031999304890633,True,True,False,False,True,-0.01391710713505745,0.297416627407074,False,False,
50.84783172607422,8.734028816223145,0.016067899763584137,True,True,False,False,True,-0.01391710713505745,0.297416627407074,False,False,
50.864662170410156,8.750923156738281,0.01689480058848858,True,True,False,False,True,-0.01391710713505745,0.297416627407074,False,False,
50.880897521972656,8.767162322998047,0.016238799318671227,True,True,False,False,True,-0.01391710713505745,0.297416627407074,False,False,
50.89773941040039,8.783956527709961,0.0167945995926857,True,True,False,False,True,-0.01391710713505745,0.297416627407074,False,False,
50.91460418701172,8.800296783447266,0.016339899972081184,True,True,False,False,True,-0.01391710713505745,0.297416627407074,False,False,
