frameInfo.realtimeSinceStartup,frameInfo.timeSinceLevelLoad,frameInfo.unscaledDeltaTime,gameObjects.UIController.againButtonIsActive,gameObjects.UIController.doneButtonIsActive,gameObjects.UIController.promptIsActive,gameObjects.UIController.getReadyTextIsActive,gameObjects.UIController.timeTextIsActive,gameObjects.UIController.countdown,gameObjects.UIController.responceTime,gameObjects.UIController.isWaiting,gameObjects.UIController.isResponding,gameObjects.Loading.rotation
35.30857467651367,0,0.016452299430966377,False,False,False,True,False,3.652675151824951,0,True,False,0
35.33378982543945,0,0.06572719663381577,False,False,False,True,False,3.6362228393554688,0,True,False,357
35.35020446777344,0.019999999552965164,0.01656940020620823,False,False,False,True,False,3.6197705268859863,0,True,False,354
35.36697769165039,0.03656730055809021,0.016567299142479897,False,False,False,True,False,3.5997705459594727,0,True,False,351
35.38340759277344,0.05321449786424637,0.016647199168801308,False,False,False,True,False,3.5832033157348633,0,True,False,348
35.39987564086914,0.06969869881868362,0.016484199091792107,False,False,False,True,False,3.566556215286255,0,True,False,345
35.416526794433594,0.08626589924097061,0.016567200422286987,False,False,False,True,False,3.550071954727173,0,True,False,342
35.4330940246582,0.10283210128545761,0.01656620018184185,False,False,False,True,False,3.5335047245025635,0,True,False,339
35.44988250732422,0.11972259730100632,0.016890499740839005,False,False,False,True,False,3.5169384479522705,0,True,False,336
35.46623992919922,0.13596640527248383,0.01624380052089691,False,False,False,True,False,3.5000479221343994,0,True,False,333
35.48284149169922,0.15267740190029144,0.016711000353097916,False,False,False,True,False,3.483804225921631,0,True,False,330
35.4992561340332,0.16909870505332947,0.016421299427747726,False,False,False,True,False,3.4670932292938232,0,True,False,327
35.51588439941406,0.1857236921787262,0.016625000163912773,False,False,False,True,False,3.450671911239624,0,True,False,324
35.53285598754883,0.20271989703178406,0.016996199265122414,False,False,False,True,False,3.434046983718872,0,True,False,321
35.54999542236328,0.21971699595451355,0.01699710078537464,False,False,False,True,False,3.417050838470459,0,True,False,318
35.56621170043945,0.23571430146694183,0.015997299924492836,False,False,False,True,False,3.4000537395477295,0,True,False,315
35.582130432128906,0.25193360447883606,0.016219299286603928,False,False,False,True,False,3.384056329727173,0,True,False,312
35.59888458251953,0.2686856985092163,0.016752099618315697,False,False,False,True,False,3.3678369522094727,0,True,False,309
35.615230560302734,0.2850660979747772,0.016380399465560913,False,False,False,True,False,3.3510849475860596,0,True,False,306
35.63184356689453,0.30168551206588745,0.016619399189949036,False,False,False,True,False,3.334704637527466,0,True,False,303
35.648372650146484,0.31819948554039,0.016513999551534653,False,False,False,True,False,3.318085193634033,0,True,False,300
35.6650505065918,0.33476710319519043,0.016567600890994072,False,False,False,True,False,3.3015711307525635,0,True,False,297
35.681880950927734,0.35168540477752686,0.016918299719691277,False,False,False,True,False,3.285003423690796,0,True,False,294
35.69806671142578,0.36789950728416443,0.016214100643992424,False,False,False,True,False,3.268085241317749,0,True,False,291
35.714866638183594,0.3846789002418518,0.016779400408267975,False,False,False,True,False,3.251871109008789,0,True,False,288
35.73118591308594,0.40103259682655334,0.016353700309991837,False,False,False,True,False,3.2350916862487793,0,True,False,285
35.74787902832031,0.4177241027355194,0.016691500321030617,False,False,False,True,False,3.218738079071045,0,True,False,282
35.76441192626953,0.43416669964790344,0.01644260063767433,False,False,False,True,False,3.2020466327667236,0,True,False,279
35.780941009521484,0.4507327973842621,0.016566099599003792,False,False,False,True,False,3.1856040954589844,0,True,False,276
35.79746627807617,0.46729931235313416,0.016566500067710876,False,False,False,True,False,3.1690380573272705,0,True,False,273
35.814029693603516,0.48386579751968384,0.016566500067710876,False,False,False,True,False,3.1524715423583984,0,True,False,270
35.83088302612305,0.5007212162017822,0.016855400055646896,False,False,False,True,False,3.1359050273895264,0,True,False,267
35.84718322753906,0.5169996023178101,0.016278399154543877,False,False,False,True,False,3.119049549102783,0,True,False,264
35.863887786865234,0.5336837768554688,0.01668420061469078,False,False,False,True,False,3.102771043777466,0,True,False,261
35.8808708190918,0.5506923198699951,0.017008500173687935,False,False,False,True,False,3.0860867500305176,0,True,False,258
35.89688491821289,0.5667003989219666,0.016008099541068077,False,False,False,True,False,3.069078207015991,0,True,False,255
35.91386413574219,0.5836817026138306,0.016981299966573715,False,False,False,True,False,3.053070068359375,0,True,False,252
35.929988861083984,0.5998327136039734,0.016150999814271927,False,False,False,True,False,3.036088705062866,0,True,False,249
35.94692611694336,0.6167246103286743,0.016891900449991226,False,False,False,True,False,3.019937753677368,0,True,False,246
35.96393585205078,0.6336864233016968,0.016961799934506416,False,False,False,True,False,3.0030457973480225,0,True,False,243
35.97988510131836,0.6497185826301575,0.016032200306653976,False,False,False,True,False,2.986083984375,0,True,False,240
35.996280670166016,0.6660993099212646,0.01638069935142994,False,False,False,True,False,2.9700517654418945,0,True,False,237.00001525878906
36.01285171508789,0.6826807856559753,0.016581499949097633,False,False,False,True,False,2.9536709785461426,0,True,False,234
36.029457092285156,0.699288010597229,0.016607200726866722,False,False,False,True,False,2.937089443206787,0,True,False,231
36.045963287353516,0.7157992720603943,0.016511300578713417,False,False,False,True,False,2.9204821586608887,0,True,False,228.00001525878906
36.06253433227539,0.7323670983314514,0.01656780019402504,False,False,False,True,False,2.903970956802368,0,True,False,225
36.07944107055664,0.7492488026618958,0.016881700605154037,False,False,False,True,False,2.8874032497406006,0,True,False,222
36.09571075439453,0.765500009059906,0.016251200810074806,False,False,False,True,False,2.8705215454101562,0,True,False,219
36.11249542236328,0.7822490930557251,0.016749100759625435,False,False,False,True,False,2.8542704582214355,0,True,False,216.00001525878906
36.12889862060547,0.7986333966255188,0.016384299844503403,False,False,False,True,False,2.8375213146209717,0,True,False,213.00001525878906
36.14552307128906,0.8152549266815186,0.016621500253677368,False,False,False,True,False,2.821136951446533,0,True,False,210
36.162471771240234,0.8322986960411072,0.01704379916191101,False,False,False,True,False,2.8045153617858887,0,True,False,207
36.17850875854492,0.848332405090332,0.016033699735999107,False,False,False,True,False,2.7874715328216553,0,True,False,204
36.19511413574219,0.8648993968963623,0.01656699925661087,False,False,False,True,False,2.771437883377075,0,True,False,201
36.21173095703125,0.8814665079116821,0.01656709983944893,False,False,False,True,False,2.754870891571045,0,True,False,198
36.228538513183594,0.8982591032981873,0.016792599111795425,False,False,False,True,False,2.7383038997650146,0,True,False,195
36.24481964111328,0.9146010875701904,0.016341999173164368,False,False,False,True,False,2.7215113639831543,0,True,False,192
36.26142501831055,0.9312471151351929,0.016645999625325203,False,False,False,True,False,2.705169439315796,0,True,False,189
36.27846145629883,0.9482905864715576,0.017043499276041985,False,False,False,True,False,2.688523530960083,0,True,False,186
36.294517517089844,0.9642999172210693,0.016009299084544182,False,False,False,True,False,2.6714799404144287,0,True,False,183
36.31108474731445,0.9808689951896667,0.016569100320339203,False,False,False,True,False,2.655470609664917,0,True,False,180
36.327674865722656,0.9974355101585388,0.016566500067710876,False,False,False,True,False,2.638901472091675,0,True,False,177.00001525878906
36.3442497253418,1.0139997005462646,0.016564199700951576,False,False,False,True,False,2.6223349571228027,0,True,False,174
36.360755920410156,1.030565857887268,0.01656620018184185,False,False,False,True,False,2.6057708263397217,0,True,False,171
36.37748718261719,1.0472533702850342,0.01668749935925007,False,False,False,True,False,2.5892045497894287,0,True,False,168
36.39393615722656,1.0637052059173584,0.016451800242066383,False,False,False,True,False,2.572517156600952,0,True,False,165
36.410545349121094,1.0802679061889648,0.016562700271606445,False,False,False,True,False,2.556065320968628,0,True,False,162
36.42707443237305,1.0968353748321533,0.016567500308156013,False,False,False,True,False,2.5395026206970215,0,True,False,159
36.44393539428711,1.1134026050567627,0.016567200422286987,False,False,False,True,False,2.522935152053833,0,True,False,156
36.460269927978516,1.129966378211975,0.01656379923224449,False,False,False,True,False,2.5063679218292236,0,True,False,153
36.47762680053711,1.147267460823059,0.017301099374890327,False,False,False,True,False,2.4898040294647217,0,True,False,150
36.49376678466797,1.1632647514343262,0.015997299924492836,False,False,False,True,False,2.4725029468536377,0,True,False,147
36.509925842285156,1.1796679496765137,0.01640309952199459,False,False,False,True,False,2.456505537033081,0,True,False,144
36.52644729614258,1.1962673664093018,0.0165995005518198,False,False,False,True,False,2.4401023387908936,0,True,False,141.00001525878906
36.54298782348633,1.212799072265625,0.016531700268387794,False,False,False,True,False,2.4235029220581055,0,True,False,138
36.559574127197266,1.2293659448623657,0.01656690053641796,False,False,False,True,False,2.4069712162017822,0,True,False,135
36.57655334472656,1.2463093996047974,0.016943400725722313,False,False,False,True,False,2.390404224395752,0,True,False,132
36.59358215332031,1.2632663249969482,0.01695689931511879,False,False,False,True,False,2.3734607696533203,0,True,False,129.00001525878906
36.60959243774414,1.2792686223983765,0.016002299264073372,False,False,False,True,False,2.356503963470459,0,True,False,126
36.62586975097656,1.2956335544586182,0.016364900395274162,False,False,False,True,False,2.340501546859741,0,True,False,123
36.6424446105957,1.3121984004974365,0.016564900055527687,False,False,False,True,False,2.324136734008789,0,True,False,120.00000762939453
36.659515380859375,1.3293297290802002,0.017131300643086433,False,False,False,True,False,2.3075718879699707,0,True,False,117.00000762939453
36.675506591796875,1.3453327417373657,0.01600310020148754,False,False,False,True,False,2.290440559387207,0,True,False,114
36.6924934387207,1.362296223640442,0.016963399946689606,False,False,False,True,False,2.274437427520752,0,True,False,111
36.70866775512695,1.3784737586975098,0.016177499666810036,False,False,False,True,False,2.257473945617676,0,True,False,108.00000762939453
36.725494384765625,1.3953009843826294,0.016827300190925598,False,False,False,True,False,2.2412965297698975,0,True,False,105.00000762939453
36.741756439208984,1.411598801612854,0.016297800466418266,False,False,False,True,False,2.2244691848754883,0,True,False,102.00000762939453
36.75851058959961,1.4283263683319092,0.016727600246667862,False,False,False,True,False,2.2081713676452637,0,True,False,99.00000762939453
36.77552032470703,1.4452717304229736,0.01694530062377453,False,False,False,True,False,2.191443681716919,0,True,False,96.00000762939453
36.79155349731445,1.461305022239685,0.016033299267292023,False,False,False,True,False,2.1744983196258545,0,True,False,93.00000762939453
36.80852127075195,1.4783272743225098,0.017022300511598587,False,False,False,True,False,2.1584649085998535,0,True,False,90
36.82460403442383,1.4944431781768799,0.01611590012907982,False,False,False,True,False,2.1414425373077393,0,True,False,87.00000762939453
36.84145736694336,1.5112618207931519,0.01681859977543354,False,False,False,True,False,2.125326633453369,0,True,False,84
36.85854721069336,1.5283069610595703,0.017045199871063232,False,False,False,True,False,2.1085081100463867,0,True,False,81.00000762939453
36.874366760253906,1.5441341400146484,0.015827199444174767,False,False,False,True,False,2.0914628505706787,0,True,False,78
36.89103317260742,1.5607017278671265,0.016567500308156013,False,False,False,True,False,2.0756356716156006,0,True,False,75
36.907432556152344,1.5772664546966553,0.01656479947268963,False,False,False,True,False,2.059068202972412,0,True,False,72
36.924007415771484,1.5938328504562378,0.016566399484872818,False,False,False,True,False,2.0425033569335938,0,True,False,69.00000762939453
36.94057083129883,1.6104060411453247,0.016573099419474602,False,False,False,True,False,2.0259368419647217,0,True,False,66.00000762939453
36.95713806152344,1.6269657611846924,0.016559800133109093,False,False,False,True,False,2.0093636512756348,0,True,False,63.0000114440918
36.97449493408203,1.6443061828613281,0.01734039932489395,False,False,False,True,False,1.9928038120269775,0,True,False,60.00000762939453
36.99047088623047,1.6603057384490967,0.015999499708414078,False,False,False,True,False,1.9754633903503418,0,True,False,57.0000114440918
37.00749969482422,1.6773017644882202,0.016996100544929504,False,False,False,True,False,1.9594638347625732,0,True,False,54.0000114440918
37.023563385009766,1.6933292150497437,0.016027400270104408,False,False,False,True,False,1.9424676895141602,0,True,False,51.00000762939453
37.04008865356445,1.709800362586975,0.016471199691295624,False,False,False,True,False,1.9264402389526367,0,True,False,48.0000114440918
37.05683135986328,1.7263786792755127,0.016578299924731255,False,False,False,True,False,1.9099690914154053,0,True,False,45.00000762939453
37.0731315612793,1.7429327964782715,0.016554100438952446,False,False,False,True,False,1.8933907747268677,0,True,False,42.0000114440918
37.08973693847656,1.759549617767334,0.01661680079996586,False,False,False,True,False,1.8768366575241089,0,True,False,39.00001525878906
37.10665512084961,1.7764924764633179,0.01694289967417717,False,False,False,True,False,1.8602198362350464,0,True,False,36.00001525878906
37.122798919677734,1.7926326990127563,0.016140200197696686,False,False,False,True,False,1.8432769775390625,0,True,False,33.00001525878906
37.139747619628906,1.8095327615737915,0.01690009981393814,False,False,False,True,False,1.827136754989624,0,True,False,30.000011444091797
37.15669631958008,1.8265316486358643,0.0169989001005888,False,False,False,True,False,1.8102366924285889,0,True,False,27.000011444091797
37.172508239746094,1.8423426151275635,0.015810899436473846,False,False,False,True,False,1.7932378053665161,0,True,False,24.000009536743164
37.18906784057617,1.8588989973068237,0.016556400805711746,False,False,False,True,False,1.7774269580841064,0,True,False,21.000011444091797
37.20576477050781,1.8755035400390625,0.016604600474238396,False,False,False,True,False,1.7608705759048462,0,True,False,18.000009536743164
37.222713470458984,1.8925367593765259,0.017033200711011887,False,False,False,True,False,1.7442660331726074,0,True,False,15.000009536743164
37.23884582519531,1.9085997343063354,0.0160629004240036,False,False,False,True,False,1.727232813835144,0,True,False,12.000009536743164
37.25532913208008,1.9251660108566284,0.01656630076467991,False,False,False,True,False,1.711169958114624,0,True,False,9.000009536743164
37.27188491821289,1.941732406616211,0.016566399484872818,False,False,False,True,False,1.694603681564331,0,True,False,6.000009536743164
37.28872299194336,1.9585294723510742,0.016797099262475967,False,False,False,True,False,1.6780372858047485,0,True,False,3.000009059906006
37.30573272705078,1.975501537322998,0.016971999779343605,False,False,False,True,False,1.6612402200698853,0,True,False,8.996127689897548E-06
37.32172393798828,1.9915239810943604,0.01602249965071678,False,False,False,True,False,1.644268274307251,0,True,False,357
37.33816909790039,2.0079991817474365,0.016475100070238113,False,False,False,True,False,1.6282458305358887,0,True,False,354
37.354736328125,2.0245659351348877,0.016566799953579903,False,False,False,True,False,1.611770749092102,0,True,False,351
37.371280670166016,2.0411324501037598,0.016566500067710876,False,False,False,True,False,1.5952039957046509,0,True,False,348
37.38798904418945,2.05769944190979,0.01656699925661087,False,False,False,True,False,1.5786374807357788,0,True,False,345
37.404476165771484,2.0742745399475098,0.016575099900364876,False,False,False,True,False,1.5620704889297485,0,True,False,342
37.42100524902344,2.0908329486846924,0.01655850000679493,False,False,False,True,False,1.5454953908920288,0,True,False,339
37.4377555847168,2.10756778717041,0.016734899953007698,False,False,False,True,False,1.5289368629455566,0,True,False,336
37.454833984375,2.1245124340057373,0.016944600269198418,False,False,False,True,False,1.5122019052505493,0,True,False,333
37.470706939697266,2.1405327320098877,0.01602029986679554,False,False,False,True,False,1.4952572584152222,0,True,False,330
37.487274169921875,2.1571011543273926,0.016568299382925034,False,False,False,True,False,1.4792369604110718,0,True,False,327
37.50383377075195,2.17366623878479,0.016565199941396713,False,False,False,True,False,1.4626686573028564,0,True,False,324
37.520694732666016,2.1905345916748047,0.01686830073595047,False,False,False,True,False,1.4461034536361694,0,True,False,321
37.53697204589844,2.206799030303955,0.016264500096440315,False,False,False,True,False,1.4292351007461548,0,True,False,318
37.55373764038086,2.223522424697876,0.016723399981856346,False,False,False,True,False,1.4129705429077148,0,True,False,315
37.57071304321289,2.240530014038086,0.017007600516080856,False,False,False,True,False,1.396247148513794,0,True,False,312
37.586692810058594,2.256531238555908,0.016001099720597267,False,False,False,True,False,1.379239559173584,0,True,False,309
37.60322952270508,2.273066282272339,0.0165352001786232,False,False,False,True,False,1.3632384538650513,0,True,False,306
37.61979293823242,2.289632797241211,0.016566399484872818,False,False,False,True,False,1.346703290939331,0,True,False,303
37.636375427246094,2.3062028884887695,0.01657019928097725,False,False,False,True,False,1.3301368951797485,0,True,False,300
37.65292739868164,2.322765827178955,0.016562899574637413,False,False,False,True,False,1.3135666847229004,0,True,False,297
37.66950607299805,2.339332103729248,0.01656620018184185,False,False,False,True,False,1.2970037460327148,0,True,False,294
37.6862907409668,2.3559000492095947,0.016567999497056007,False,False,False,True,False,1.2804375886917114,0,True,False,291
37.70268249511719,2.372497081756592,0.016596900299191475,False,False,False,True,False,1.2638696432113647,0,True,False,288
37.71971893310547,2.3895316123962402,0.01703459955751896,False,False,False,True,False,1.2472727298736572,0,True,False,285
37.735801696777344,2.405599355697632,0.01606770046055317,False,False,False,True,False,1.2302380800247192,0,True,False,282
37.75233840942383,2.422165870666504,0.016566500067710876,False,False,False,True,False,1.2141703367233276,0,True,False,279
37.76890563964844,2.438732624053955,0.01656690053641796,False,False,False,True,False,1.1976038217544556,0,True,False,276
37.785762786865234,2.455531358718872,0.016798699274659157,False,False,False,True,False,1.1810369491577148,0,True,False,273
37.80213165283203,2.471867561340332,0.01633620075881481,False,False,False,True,False,1.1642382144927979,0,True,False,270
37.818668365478516,2.4884989261627197,0.01663140021264553,False,False,False,True,False,1.147902011871338,0,True,False,267
37.83579635620117,2.5055294036865234,0.017030399292707443,False,False,False,True,False,1.1312706470489502,0,True,False,264
37.85175323486328,2.521566152572632,0.01603670045733452,False,False,False,True,False,1.114240288734436,0,True,False,261
37.86832809448242,2.5381336212158203,0.016567500308156013,False,False,False,True,False,1.0982035398483276,0,True,False,258
37.88489532470703,2.554699420928955,0.016565900295972824,False,False,False,True,False,1.0816360712051392,0,True,False,255
37.90146255493164,2.571265935897827,0.016566399484872818,False,False,False,True,False,1.0650701522827148,0,True,False,252
37.91819381713867,2.5878329277038574,0.01656709983944893,False,False,False,True,False,1.0485037565231323,0,True,False,249
37.93479537963867,2.6045022010803223,0.016669200733304024,False,False,False,True,False,1.0319366455078125,0,True,False,246
37.951778411865234,2.621499538421631,0.016997400671243668,False,False,False,True,False,1.0152674913406372,0,True,False,243
37.96775817871094,2.63753342628479,0.016033800318837166,False,False,False,True,False,0.9982700943946838,0,True,False,240
37.984317779541016,2.654099225997925,0.016565900295972824,False,False,False,True,False,0.9822362661361694,0,True,False,237.00001525878906
38.000858306884766,2.670666456222534,0.01656709983944893,False,False,False,True,False,0.9656703472137451,0,True,False,234.00001525878906
38.01777267456055,2.6875760555267334,0.016909699887037277,False,False,False,True,False,0.9491032361984253,0,True,False,231
38.03398513793945,2.703799247741699,0.01622309908270836,False,False,False,True,False,0.9321935176849365,0,True,False,228.00001525878906
38.05052947998047,2.7203657627105713,0.016566600650548935,False,False,False,True,False,0.9159704446792603,0,True,False,225.00001525878906
38.06771469116211,2.737497091293335,0.017131200060248375,False,False,False,True,False,0.8994038701057434,0,True,False,222.00001525878906
38.083744049072266,2.7535510063171387,0.016054099425673485,False,False,False,True,False,0.8822726607322693,0,True,False,219.00001525878906
38.100704193115234,2.770533323287964,0.016982300207018852,False,False,False,True,False,0.8662185668945312,0,True,False,216.00001525878906
38.11773681640625,2.787498712539673,0.01696540042757988,False,False,False,True,False,0.849236249923706,0,True,False,213.00001525878906
38.133331298828125,2.8032000064849854,0.01570110023021698,False,False,False,True,False,0.8322708606719971,0,True,False,210.00001525878906
38.14993667602539,2.8197665214538574,0.016566699370741844,False,False,False,True,False,0.8165697455406189,0,True,False,207
38.16673278808594,2.836529493331909,0.01676280051469803,False,False,False,True,False,0.8000030517578125,0,True,False,204
38.18383026123047,2.8535635471343994,0.017034100368618965,False,False,False,True,False,0.7832402586936951,0,True,False,201.00001525878906
38.199649810791016,2.869492530822754,0.015929099172353745,False,False,False,True,False,0.7662061452865601,0,True,False,198.00001525878906
38.216209411621094,2.8860321044921875,0.016539599746465683,False,False,False,True,False,0.750277042388916,0,True,False,195
38.23277282714844,2.902599334716797,0.01656709983944893,False,False,False,True,False,0.7337374687194824,0,True,False,192
38.249332427978516,2.919165849685669,0.016566500067710876,False,False,False,True,False,0.7171703577041626,0,True,False,189.00001525878906
38.265892028808594,2.93573260307312,0.016566799953579903,False,False,False,True,False,0.7006038427352905,0,True,False,186.00001525878906
38.28276062011719,2.9525704383850098,0.016837799921631813,False,False,False,True,False,0.6840370297431946,0,True,False,183
38.29902648925781,2.9688658714294434,0.016295399516820908,False,False,False,True,False,0.6671992540359497,0,True,False,180
38.31560134887695,2.9854326248168945,0.01656690053641796,False,False,False,True,False,0.6509038805961609,0,True,False,177.00001525878906
38.332515716552734,3.0023539066314697,0.01692109927535057,False,False,False,True,False,0.6343370079994202,0,True,False,174.00001525878906
38.34873580932617,3.018566131591797,0.016212400048971176,False,False,False,True,False,0.6174159049987793,0,True,False,171.00001525878906
38.36534881591797,3.0351333618164062,0.01656709983944893,False,False,False,True,False,0.6012035012245178,0,True,False,168
38.38186264038086,3.05169939994812,0.016566000878810883,False,False,False,True,False,0.584636390209198,0,True,False,165.00001525878906
38.39848709106445,3.0683281421661377,0.016628799960017204,False,False,False,True,False,0.5680704116821289,0,True,False,162.00001525878906
38.415103912353516,3.0848331451416016,0.016505099833011627,False,False,False,True,False,0.5514416098594666,0,True,False,159
38.43155288696289,3.1013987064361572,0.016565600410103798,False,False,False,True,False,0.5349364876747131,0,True,False,156
38.44845199584961,3.1182870864868164,0.016888199374079704,False,False,False,True,False,0.5183708667755127,0,True,False,153.00001525878906
38.464717864990234,3.134533405303955,0.016246499493718147,False,False,False,True,False,0.5014826655387878,0,True,False,150.00001525878906
38.48141098022461,3.15109920501709,0.016565799713134766,False,False,False,True,False,0.48523616790771484,0,True,False,147
38.497867584228516,3.1676671504974365,0.01656780019402504,False,False,False,True,False,0.4686703681945801,0,True,False,144
38.51448440551758,3.1842944622039795,0.016627300530672073,False,False,False,True,False,0.45210257172584534,0,True,False,141.00001525878906
38.53147888183594,3.201298713684082,0.01700429990887642,False,False,False,True,False,0.43547526001930237,0,True,False,138
38.547569274902344,3.2173666954040527,0.016068000346422195,False,False,False,True,False,0.41847094893455505,0,True,False,135
38.56452178955078,3.2342987060546875,0.01693199947476387,False,False,False,True,False,0.40240293741226196,0,True,False,132
38.58068084716797,3.2504992485046387,0.016200600191950798,False,False,False,True,False,0.3854709267616272,0,True,False,129.00001525878906
38.59725570678711,3.267066240310669,0.01656690053641796,False,False,False,True,False,0.36927032470703125,0,True,False,126
38.614501953125,3.2842931747436523,0.01722699962556362,False,False,False,True,False,0.35270342230796814,0,True,False,123
38.630496978759766,3.3003242015838623,0.01603109948337078,False,False,False,True,False,0.33547642827033997,0,True,False,120.00000762939453
38.64750289916992,3.317295551300049,0.016971299424767494,False,False,False,True,False,0.31944534182548523,0,True,False,117.00000762939453
38.66356658935547,3.3333327770233154,0.016037100926041603,False,False,False,True,False,0.3024740517139435,0,True,False,114
38.68048095703125,3.3503262996673584,0.016993600875139236,False,False,False,True,False,0.28643694519996643,0,True,False,111
38.69663619995117,3.3664658069610596,0.016139499843120575,False,False,False,True,False,0.2694433331489563,0,True,False,108.00000762939453
38.71353530883789,3.3833250999450684,0.016859300434589386,False,False,False,True,False,0.2533038258552551,0,True,False,105.00000762939453
38.730247497558594,3.4000747203826904,0.01674959994852543,False,False,False,True,False,0.23644453287124634,0,True,False,102.00000762939453
38.74635696411133,3.4161665439605713,0.01609179936349392,False,False,False,True,False,0.21969492733478546,0,True,False,99.00000762939453
38.763282775878906,3.433079957962036,0.01691349968314171,False,False,False,True,False,0.203603133559227,0,True,False,96.00000762939453
38.77945327758789,3.4492990970611572,0.0162189994007349,False,False,False,True,False,0.18668963015079498,0,True,False,93.00000762939453
38.79624557495117,3.466078996658325,0.016780000180006027,False,False,False,True,False,0.17047062516212463,0,True,False,90
38.81260681152344,3.4824326038360596,0.01635349914431572,False,False,False,True,False,0.1536906212568283,0,True,False,87.00000762939453
38.829246520996094,3.4990789890289307,0.016646500676870346,False,False,False,True,False,0.1373371183872223,0,True,False,84
38.84633255004883,3.5160751342773438,0.016996100544929504,False,False,False,True,False,0.12069061398506165,0,True,False,81.00000762939453
38.86244583129883,3.5321340560913086,0.016058899462223053,False,False,False,True,False,0.10369451344013214,0,True,False,78
38.878944396972656,3.5487003326416016,0.01656630076467991,False,False,False,True,False,0.08763561397790909,0,True,False,75
38.89546203613281,3.5652663707733154,0.016566099599003792,False,False,False,True,False,0.07106931507587433,0,True,False,72
38.912166595458984,3.581834077835083,0.01656769961118698,False,False,False,True,False,0.054503217339515686,0,True,False,69.00000762939453
38.92866134643555,3.5983996391296387,0.016565600410103798,False,False,False,True,False,0.037935517728328705,0,True,False,66.00000762939453
38.945281982421875,3.6150426864624023,0.01664309948682785,False,False,False,True,False,0.021369917318224907,0,True,False,63.0000114440918
38.96180725097656,3.63153338432312,0.016490699723362923,False,False,False,True,False,0.004726817831397057,0,True,False,60.00000762939453
38.97831726074219,3.6481449604034424,0.01661139912903309,False,False,True,False,False,-0.011763881891965866,0,False,True,
38.994873046875,3.664666175842285,0.01652120053768158,False,False,True,False,False,-0.011763881891965866,0.01661139912903309,False,True,
39.012351989746094,3.682183027267456,0.017517000436782837,False,False,True,False,False,-0.011763881891965866,0.03313259780406952,False,True,
39.028297424316406,3.698105573654175,0.01592239923775196,False,False,True,False,False,-0.011763881891965866,0.050649598240852356,False,True,
39.044578552246094,3.7143666744232178,0.01626110076904297,False,False,True,False,False,-0.011763881891965866,0.06657199561595917,False,True,
39.06132888793945,3.731149911880493,0.016783399507403374,False,False,True,False,False,-0.011763881891965866,0.08283309638500214,False,True,
39.077850341796875,3.747499465942383,0.016349399462342262,False,False,True,False,False,-0.011763881891965866,0.09961649775505066,False,True,
39.09431457519531,3.7641077041625977,0.01660819910466671,False,False,True,False,False,-0.011763881891965866,0.11596589535474777,False,True,
39.11156463623047,3.7811810970306396,0.017073500901460648,False,False,True,False,False,-0.011763881891965866,0.13257409632205963,False,True,
39.127464294433594,3.7972042560577393,0.016023099422454834,False,False,True,False,False,-0.011763881891965866,0.14964759349822998,False,True,
39.14397430419922,3.813767671585083,0.016563400626182556,False,False,True,False,False,-0.011763881891965866,0.16567069292068481,False,True,
39.160545349121094,3.8303332328796387,0.016565699130296707,False,False,True,False,False,-0.011763881891965866,0.18223409354686737,False,True,
39.17710494995117,3.8468997478485107,0.016566399484872818,False,False,True,False,False,-0.011763881891965866,0.19879978895187378,False,True,
39.19377136230469,3.86346697807312,0.016567299142479897,False,False,True,False,False,-0.011763881891965866,0.2153661847114563,False,True,
39.21037292480469,3.8801422119140625,0.016675200313329697,False,False,True,False,False,-0.011763881891965866,0.23193348944187164,False,True,
39.22676086425781,3.8965988159179688,0.01645670086145401,False,False,True,False,False,-0.011763881891965866,0.24860869348049164,False,True,
39.24365997314453,3.9131739139556885,0.016574900597333908,False,False,True,False,False,-0.011763881891965866,0.26506540179252625,False,True,
39.2603645324707,3.9301435947418213,0.016969900578260422,False,False,True,False,False,-0.011763881891965866,0.28164029121398926,False,True,
39.27653884887695,3.9463000297546387,0.016156300902366638,False,False,True,False,False,-0.011763881891965866,0.2986101806163788,False,True,
39.293365478515625,3.963109254837036,0.01680929958820343,False,False,True,False,False,-0.011763881891965866,0.31476646661758423,False,True,
39.316070556640625,3.9794325828552246,0.016323400661349297,False,False,True,False,False,-0.011763881891965866,0.33157575130462646,False,True,
39.32633972167969,3.9961488246917725,0.01671620085835457,False,False,True,False,False,-0.011763881891965866,0.3478991389274597,False,True,
39.34278869628906,4.012568950653076,0.016419900581240654,False,False,True,False,False,-0.011763881891965866,0.3646153509616852,False,True,
39.3596305847168,4.029138088226318,0.01656940020620823,False,False,True,False,False,-0.011763881891965866,0.3810352385044098,False,True,
39.37663650512695,4.046133518218994,0.016995100304484367,False,False,True,False,False,-0.011763881891965866,0.39760464429855347,False,True,
39.392818450927734,4.062268257141113,0.016134999692440033,False,False,True,False,False,-0.011763881891965866,0.414599746465683,False,True,
39.409446716308594,4.079143524169922,0.01687519997358322,False,False,True,False,False,-0.011763881891965866,0.4307347536087036,False,True,
39.4256591796875,4.095407485961914,0.016263799741864204,False,False,True,False,False,-0.011763881891965866,0.44760996103286743,False,True,
39.44232940673828,4.112104415893555,0.016697200015187263,False,False,True,False,False,-0.011763881891965866,0.4638737738132477,False,True,
39.45872497558594,4.1285319328308105,0.016427600756287575,False,False,True,False,False,-0.011763881891965866,0.4805709719657898,False,True,
39.47540283203125,4.145101070404053,0.016568800434470177,False,False,True,False,False,-0.011763881891965866,0.4969985783100128,False,True,
39.491947174072266,4.161666393280029,0.01656549982726574,False,False,True,False,False,-0.011763881891965866,0.5135673880577087,False,True,
39.508514404296875,4.178232669830322,0.016566500067710876,False,False,True,False,False,-0.011763881891965866,0.5301328897476196,False,True,
39.52511215209961,4.194800853729248,0.01656780019402504,False,False,True,False,False,-0.011763881891965866,0.5466994047164917,False,True,
39.541664123535156,4.211366653442383,0.016566099599003792,False,False,True,False,False,-0.011763881891965866,0.5632672309875488,False,True,
39.55823516845703,4.227933406829834,0.016566399484872818,False,False,True,False,False,-0.011763881891965866,0.5798333287239075,False,True,
39.57490921020508,4.244627475738525,0.016694100573658943,False,False,True,False,False,-0.011763881891965866,0.59639972448349,False,True,
39.591896057128906,4.26163387298584,0.017006799578666687,False,False,True,False,False,-0.011763881891965866,0.6130938529968262,False,True,
39.60792922973633,4.277632713317871,0.015998700633645058,False,False,True,False,False,-0.011763881891965866,0.630100667476654,False,True,
39.62494659423828,4.294643878936768,0.01701110042631626,False,False,True,False,False,-0.011763881891965866,0.6460993885993958,False,True,
39.642093658447266,4.311638832092285,0.01699499972164631,False,False,True,False,False,-0.011763881891965866,0.6631104946136475,False,True,
39.65755844116211,4.327334880828857,0.015696000307798386,False,False,True,False,False,-0.011763881891965866,0.6801055073738098,False,True,
39.67411422729492,4.343900203704834,0.01656549982726574,False,False,True,False,False,-0.011763881891965866,0.6958014965057373,False,True,
39.69127655029297,4.361141681671143,0.017241399735212326,False,False,True,False,False,-0.011763881891965866,0.7123669981956482,False,True,
39.707462310791016,4.377150535583496,0.01600869931280613,False,False,True,False,False,-0.011763881891965866,0.729608416557312,False,True,
39.72380828857422,4.393599987030029,0.016449399292469025,False,False,True,False,False,-0.011763881891965866,0.7456170916557312,False,True,
39.740352630615234,4.410165786743164,0.016566099599003792,False,False,True,False,False,-0.011763881891965866,0.7620664834976196,False,True,
39.7574348449707,4.427156925201416,0.016990700736641884,False,False,True,False,False,-0.011763881891965866,0.7786325812339783,False,True,
39.77354431152344,4.443299293518066,0.016142399981617928,False,False,True,False,False,-0.011763881891965866,0.7956233024597168,False,True,
39.790306091308594,4.460143089294434,0.016843799501657486,False,False,True,False,False,-0.011763881891965866,0.811765730381012,False,True,
39.80661392211914,4.476432800292969,0.01628989912569523,False,False,True,False,False,-0.011763881891965866,0.8286095261573792,False,True,
39.82338333129883,4.493191242218018,0.016758600249886513,False,False,True,False,False,-0.011763881891965866,0.8448994159698486,False,True,
39.84041213989258,4.510181427001953,0.016989899799227715,False,False,True,False,False,-0.011763881891965866,0.8616580367088318,False,True,
39.85633087158203,4.526150703430176,0.015969200059771538,False,False,True,False,False,-0.011763881891965866,0.8786479234695435,False,True,
39.87287902832031,4.542699337005615,0.016548700630664825,False,False,True,False,False,-0.011763881891965866,0.8946171402931213,False,True,
39.88946533203125,4.559266567230225,0.016567200422286987,True,True,False,False,True,-0.011763881891965866,0.9111658334732056,False,False,
39.90641784667969,4.576155185699463,0.016889000311493874,True,True,False,False,True,-0.011763881891965866,0.9111658334732056,False,False,
39.92256546020508,4.5923991203308105,0.01624389924108982,True,True,False,False,True,-0.011763881891965866,0.9111658334732056,False,False,
39.93917465209961,4.608965873718262,0.016566600650548935,True,True,False,False,True,-0.011763881891965866,0.9111658334732056,False,False,
39.95638656616211,4.626183032989502,0.017217200249433517,True,True,False,False,True,-0.011763881891965866,0.9111658334732056,False,False,
39.97235870361328,4.642144203186035,0.015961000695824623,True,True,False,False,True,-0.011763881891965866,0.9111658334732056,False,False,
39.98933029174805,4.659142971038818,0.016999000683426857,True,True,False,False,True,-0.011763881891965866,0.9111658334732056,False,False,
40.00550079345703,4.675232887268066,0.016089599579572678,True,True,False,False,True,-0.011763881891965866,0.9111658334732056,False,False,
40.02198028564453,4.691799163818359,0.016566699370741844,True,True,False,False,True,-0.011763881891965866,0.9111658334732056,False,False,
40.038536071777344,4.7083659172058105,0.016566699370741844,True,True,False,False,True,-0.011763881891965866,0.9111658334732056,False,False,
40.05541229248047,4.725152969360352,0.01678680069744587,True,True,False,False,True,-0.011763881891965866,0.9111658334732056,False,False,
40.0723762512207,4.742186069488525,0.017033200711011887,True,True,False,False,True,-0.011763881891965866,0.9111658334732056,False,False,
40.0883674621582,4.7581868171691895,0.016000600531697273,True,True,False,False,True,-0.011763881891965866,0.9111658334732056,False,False,
40.104827880859375,4.774632930755615,0.016445999965071678,True,True,False,False,True,-0.011763881891965866,0.9111658334732056,False,False,
40.12138748168945,4.791199207305908,0.01656630076467991,True,True,False,False,True,-0.011763881891965866,0.9111658334732056,False,False,
40.13796615600586,4.807765483856201,0.016566699370741844,True,True,False,False,True,-0.011763881891965866,0.9111658334732056,False,False,
40.15547180175781,4.825153827667236,0.01738790050148964,True,True,False,False,True,-0.011763881891965866,0.9111658334732056,False,False,
40.171085357666016,4.8408989906311035,0.015745200216770172,True,True,False,False,True,-0.011763881891965866,0.9111658334732056,False,False,
40.18764877319336,4.857466220855713,0.016567500308156013,True,True,False,False,True,-0.011763881891965866,0.9111658334732056,False,False,
40.204349517822266,4.8741655349731445,0.016699299216270447,True,True,False,False,True,-0.011763881891965866,0.9111658334732056,False,False,
40.22079849243164,4.890599727630615,0.016434000805020332,True,True,False,False,True,-0.011763881891965866,0.9111658334732056,False,False,
40.23744583129883,4.9071879386901855,0.016588499769568443,True,True,False,False,True,-0.011763881891965866,0.9111658334732056,False,False,
40.25444030761719,4.9241557121276855,0.01696770079433918,True,True,False,False,True,-0.011763881891965866,0.9111658334732056,False,False,
40.27056884765625,4.940299987792969,0.016143999993801117,True,True,False,False,True,-0.011763881891965866,0.9111658334732056,False,False,
40.28744888305664,4.957186698913574,0.0168869998306036,True,True,False,False,True,-0.011763881891965866,0.9111658334732056,False,False,
40.30439376831055,4.974224090576172,0.017037199810147285,True,True,False,False,True,-0.011763881891965866,0.9111658334732056,False,False,
40.320186614990234,4.989998817443848,0.0157747995108366,True,True,False,False,True,-0.011763881891965866,0.9111658334732056,False,False,
40.33685302734375,5.006566524505615,0.016567500308156013,True,True,False,False,True,-0.011763881891965866,0.9111658334732056,False,False,
40.35335159301758,5.023159503936768,0.016593100503087044,True,True,False,False,True,-0.011763881891965866,0.9111658334732056,False,False,
40.369873046875,5.039699077606201,0.016539499163627625,True,True,False,False,True,-0.011763881891965866,0.9111658334732056,False,False,
40.387447357177734,5.057185649871826,0.01748660020530224,True,True,False,False,True,-0.011763881891965866,0.9111658334732056,False,False,
40.40300369262695,5.072833061218262,0.015647700056433678,True,True,False,False,True,-0.011763881891965866,0.9111658334732056,False,False,
40.419559478759766,5.089399337768555,0.016566000878810883,True,True,False,False,True,-0.011763881891965866,0.9111658334732056,False,False,
40.43657302856445,5.106180667877197,0.016781600192189217,True,True,False,False,True,-0.011763881891965866,0.9111658334732056,False,False,
40.452720642089844,5.122533321380615,0.01635259948670864,True,True,False,False,True,-0.011763881891965866,0.9111658334732056,False,False,
40.46936798095703,5.139183521270752,0.01665000058710575,True,True,False,False,True,-0.011763881891965866,0.9111658334732056,False,False,
40.485923767089844,5.155666828155518,0.016483299434185028,True,True,False,False,True,-0.011763881891965866,0.9111658334732056,False,False,
40.50244140625,5.172232627868652,0.016566000878810883,True,True,False,False,True,-0.011763881891965866,0.9111658334732056,False,False,
40.51905059814453,5.188798904418945,0.016566099599003792,True,True,False,False,True,-0.011763881891965866,0.9111658334732056,False,False,
40.53554153442383,5.2053656578063965,0.01656699925661087,True,True,False,False,True,-0.011763881891965866,0.9111658334732056,False,False,
40.552398681640625,5.222200870513916,0.016835300251841545,True,True,False,False,True,-0.011763881891965866,0.9111658334732056,False,False,
40.56871032714844,5.238499164581299,0.01629829965531826,True,True,False,False,True,-0.011763881891965866,0.9111658334732056,False,False,
40.58539581298828,5.255155563354492,0.016656100749969482,True,True,False,False,True,-0.011763881891965866,0.9111658334732056,False,False,
40.60185623168945,5.271633625030518,0.016478100791573524,True,True,False,False,True,-0.011763881891965866,0.9111658334732056,False,False,
40.61837387084961,5.288199424743652,0.016565600410103798,True,True,False,False,True,-0.011763881891965866,0.9111658334732056,False,False,
40.63494110107422,5.304766654968262,0.016567299142479897,True,True,False,False,True,-0.011763881891965866,0.9111658334732056,False,False,
40.65193176269531,5.321333885192871,0.016567600890994072,True,True,False,False,True,-0.011763881891965866,0.9111658334732056,False,False,
40.668495178222656,5.338193416595459,0.016859300434589386,True,True,False,False,True,-0.011763881891965866,0.9111658334732056,False,False,
40.68465805053711,5.354465961456299,0.01627260074019432,True,True,False,False,True,-0.011763881891965866,0.9111658334732056,False,False,
40.70135498046875,5.371190071105957,0.0167239997535944,True,True,False,False,True,-0.011763881891965866,0.9111658334732056,False,False,
40.71839141845703,5.388184070587158,0.016993999481201172,True,True,False,False,True,-0.011763881891965866,0.9111658334732056,False,False,
40.73442077636719,5.404168605804443,0.015984399244189262,True,True,False,False,True,-0.011763881891965866,0.9111658334732056,False,False,
40.75127410888672,5.421078681945801,0.016910100355744362,True,True,False,False,True,-0.011763881891965866,0.9111658334732056,False,False,
40.76829147338867,5.438107013702393,0.01702830009162426,True,True,False,False,True,-0.011763881891965866,0.9111658334732056,False,False,
40.78429412841797,5.454077243804932,0.015970399603247643,True,True,False,False,True,-0.011763881891965866,0.9111658334732056,False,False,
40.80127716064453,5.471076488494873,0.01699949987232685,True,True,False,False,True,-0.011763881891965866,0.9111658334732056,False,False,
40.81732940673828,5.487078666687012,0.016001999378204346,True,True,False,False,True,-0.011763881891965866,0.9111658334732056,False,False,
40.83381271362305,5.503569602966309,0.016490699723362923,True,True,False,False,True,-0.011763881891965866,0.9111658334732056,False,False,
40.85042953491211,5.5201334953308105,0.01656400039792061,True,True,False,False,True,-0.011763881891965866,0.9111658334732056,False,False,
40.86698913574219,5.5366997718811035,0.016566600650548935,True,True,False,False,True,-0.011763881891965866,0.9111658334732056,False,False,
40.88356399536133,5.553266525268555,0.016566399484872818,True,True,False,False,True,-0.011763881891965866,0.9111658334732056,False,False,
40.90030288696289,5.5700459480285645,0.016779499128460884,True,True,False,False,True,-0.011763881891965866,0.9111658334732056,False,False,
40.916664123535156,5.586400508880615,0.016354599967598915,True,True,False,False,True,-0.011763881891965866,0.9111658334732056,False,False,
40.93333435058594,5.603047847747803,0.016647400334477425,True,True,False,False,True,-0.011763881891965866,0.9111658334732056,False,False,
40.94990921020508,5.619533538818359,0.016485700383782387,True,True,False,False,True,-0.011763881891965866,0.9111658334732056,False,False,
40.966304779052734,5.6361002922058105,0.016566600650548935,True,True,False,False,True,-0.011763881891965866,0.9111658334732056,False,False,
40.982913970947266,5.6526665687561035,0.01656620018184185,True,True,False,False,True,-0.011763881891965866,0.9111658334732056,False,False,
40.99941635131836,5.6692328453063965,0.016566500067710876,True,True,False,False,True,-0.011763881891965866,0.9111658334732056,False,False,
41.01628875732422,5.685808181762695,0.016575299203395844,True,True,False,False,True,-0.011763881891965866,0.9111658334732056,False,False,
41.03254699707031,5.702365875244141,0.016557900235056877,True,True,False,False,True,-0.011763881891965866,0.9111658334732056,False,False,
41.049217224121094,5.719037055969238,0.016670899465680122,True,True,False,False,True,-0.011763881891965866,0.9111658334732056,False,False,
41.065711975097656,5.735499382019043,0.016462400555610657,True,True,False,False,True,-0.011763881891965866,0.9111658334732056,False,False,
41.082298278808594,5.752084732055664,0.016585400328040123,True,True,False,False,True,-0.011763881891965866,0.9111658334732056,False,False,
41.09921646118164,5.769036293029785,0.0169513002038002,True,True,False,False,True,-0.011763881891965866,0.9111658334732056,False,False,
41.11540603637695,5.7851996421813965,0.016163399443030357,True,True,False,False,True,-0.011763881891965866,0.9111658334732056,False,False,
41.132259368896484,5.802043914794922,0.01684430055320263,True,True,False,False,True,-0.011763881891965866,0.9111658334732056,False,False,
41.148521423339844,5.818332672119141,0.01628910005092621,True,True,False,False,True,-0.011763881891965866,0.9111658334732056,False,False,
41.16526412963867,5.8350830078125,0.016749899834394455,True,True,False,False,True,-0.011763881891965866,0.9111658334732056,False,False,
41.18165969848633,5.851466178894043,0.016383599489927292,True,True,False,False,True,-0.011763881891965866,0.9111658334732056,False,False,
41.198219299316406,5.868042469024658,0.016575900837779045,True,True,False,False,True,-0.011763881891965866,0.9111658334732056,False,False,
41.215354919433594,5.885064601898193,0.017022499814629555,True,True,False,False,True,-0.011763881891965866,0.9111658334732056,False,False,
41.231346130371094,5.9011664390563965,0.016101500019431114,True,True,False,False,True,-0.011763881891965866,0.9111658334732056,False,False,
41.2479362487793,5.9177327156066895,0.016566399484872818,True,True,False,False,True,-0.011763881891965866,0.9111658334732056,False,False,
41.26451110839844,5.934299945831299,0.01656709983944893,True,True,False,False,True,-0.011763881891965866,0.9111658334732056,False,False,
41.28129196166992,5.95112943649292,0.01682949997484684,True,True,False,False,True,-0.011763881891965866,0.9111658334732056,False,False,
41.29765319824219,5.967432975769043,0.01630380004644394,True,True,False,False,True,-0.011763881891965866,0.9111658334732056,False,False,
41.3143196105957,5.984099864959717,0.016666699200868607,True,True,False,False,True,-0.011763881891965866,0.9111658334732056,False,False,
41.330833435058594,6.000567436218262,0.01646750047802925,True,True,False,False,True,-0.011763881891965866,0.9111658334732056,False,False,
41.347389221191406,6.01717472076416,0.01660740002989769,True,True,False,False,True,-0.011763881891965866,0.9111658334732056,False,False,
41.36452102661133,6.034179210662842,0.017004400491714478,True,True,False,False,True,-0.011763881891965866,0.9111658334732056,False,False,
41.38056945800781,6.050267696380615,0.01608850061893463,True,True,False,False,True,-0.011763881891965866,0.9111658334732056,False,False,
41.39734649658203,6.067147254943848,0.016879800707101822,True,True,False,False,True,-0.011763881891965866,0.9111658334732056,False,False,
41.41361999511719,6.083399295806885,0.016252100467681885,True,True,False,False,True,-0.011763881891965866,0.9111658334732056,False,False,
41.430335998535156,6.100139617919922,0.016739999875426292,True,True,False,False,True,-0.011763881891965866,0.9111658334732056,False,False,
41.44740676879883,6.117166519165039,0.01702689938247204,True,True,False,False,True,-0.011763881891965866,0.9111658334732056,False,False,
41.463417053222656,6.133192539215088,0.016025999560952187,True,True,False,False,True,-0.011763881891965866,0.9111658334732056,False,False,
41.4803581237793,6.150191307067871,0.01699879951775074,True,True,False,False,True,-0.011763881891965866,0.9111658334732056,False,False,
41.496402740478516,6.166232585906982,0.016041500493884087,True,True,False,False,True,-0.011763881891965866,0.9111658334732056,False,False,
41.512962341308594,6.182799339294434,0.016566500067710876,True,True,False,False,True,-0.011763881891965866,0.9111658334732056,False,False,
41.53041458129883,6.200155735015869,0.01735669933259487,True,True,False,False,True,-0.011763881891965866,0.9111658334732056,False,False,
41.54669952392578,6.216182231903076,0.016026299446821213,True,True,False,False,True,-0.011763881891965866,0.9111658334732056,False,False,
41.56340026855469,6.233152866363525,0.016970699653029442,True,True,False,False,True,-0.011763881891965866,0.9111658334732056,False,False,
41.5794563293457,6.249159336090088,0.016006600111722946,True,True,False,False,True,-0.011763881891965866,0.9111658334732056,False,False,
41.59636306762695,6.266196250915527,0.01703689992427826,True,True,False,False,True,-0.011763881891965866,0.9111658334732056,False,False,
41.61236572265625,6.282199382781982,0.016002800315618515,True,True,False,False,True,-0.011763881891965866,0.9111658334732056,False,False,
41.62940216064453,6.299156665802002,0.01695770025253296,True,True,False,False,True,-0.011763881891965866,0.9111658334732056,False,False,
41.645599365234375,6.315333366394043,0.016176600009202957,True,True,False,False,True,-0.011763881891965866,0.9111658334732056,False,False,
41.66207504272461,6.331899642944336,0.01656620018184185,True,True,False,False,True,-0.011763881891965866,0.9111658334732056,False,False,
41.67863082885742,6.348465442657471,0.016565900295972824,True,True,False,False,True,-0.011763881891965866,0.9111658334732056,False,False,
41.69538497924805,6.365148067474365,0.016682300716638565,True,True,False,False,True,-0.011763881891965866,0.9111658334732056,False,False,
41.712379455566406,6.382190227508545,0.017042100429534912,True,True,False,False,True,-0.011763881891965866,0.9111658334732056,False,False,
41.72837448120117,6.398166179656982,0.015976300463080406,True,True,False,False,True,-0.011763881891965866,0.9111658334732056,False,False,
41.74543380737305,6.415162086486816,0.01699570007622242,True,True,False,False,True,-0.011763881891965866,0.9111658334732056,False,False,
41.76155090332031,6.431299686431885,0.0161374993622303,True,True,False,False,True,-0.011763881891965866,0.9111658334732056,False,False,
41.778385162353516,6.448192119598389,0.01689250022172928,True,True,False,False,True,-0.011763881891965866,0.9111658334732056,False,False,
41.79461669921875,6.464432716369629,0.016240699216723442,True,True,False,False,True,-0.011763881891965866,0.9111658334732056,False,False,
41.8112678527832,6.48099946975708,0.016566600650548935,True,True,False,False,True,-0.011763881891965866,0.9111658334732056,False,False,
41.8283576965332,6.498156547546387,0.0171572994440794,True,True,False,False,True,-0.011763881891965866,0.9111658334732056,False,False,
41.84442901611328,6.51415491104126,0.01599849946796894,True,True,False,False,True,-0.011763881891965866,0.9111658334732056,False,False,
41.860923767089844,6.530699729919434,0.01654450036585331,True,True,False,False,True,-0.011763881891965866,0.9111658334732056,False,False,
41.87750244140625,6.54728364944458,0.01658410020172596,True,True,False,False,True,-0.011763881891965866,0.9111658334732056,False,False,
41.89409255981445,6.563833236694336,0.016549399122595787,True,True,False,False,True,-0.011763881891965866,0.9111658334732056,False,False,
41.91078186035156,6.580415725708008,0.016582399606704712,True,True,False,False,True,-0.011763881891965866,0.9111658334732056,False,False,
41.92736053466797,6.596966743469238,0.016551099717617035,True,True,False,False,True,-0.011763881891965866,0.9111658334732056,False,False,
41.94377899169922,6.613558292388916,0.016591500490903854,True,True,False,False,True,-0.011763881891965866,0.9111658334732056,False,False,
41.96039962768555,6.630099296569824,0.016541199758648872,True,True,False,False,True,-0.011763881891965866,0.9111658334732056,False,False,
41.976898193359375,6.646666526794434,0.016567399725317955,True,True,False,False,True,-0.011763881891965866,0.9111658334732056,False,False,
41.9938850402832,6.663547992706299,0.01688149943947792,True,True,False,False,True,-0.011763881891965866,0.9111658334732056,False,False,
42.0107307434082,6.680540084838867,0.016992000862956047,True,True,False,False,True,-0.011763881891965866,0.9111658334732056,False,False,
42.02702713012695,6.696549415588379,0.016009099781513214,True,True,False,False,True,-0.011763881891965866,0.9111658334732056,False,False,
