gameObjects.UIController.againButtonIsActive,gameObjects.UIController.doneButtonIsActive,gameObjects.UIController.promptIsActive,gameObjects.UIController.getReadyTextIsActive,gameObjects.UIController.timeTextIsActive,gameObjects.UIController.countdown,gameObjects.UIController.responceTime,gameObjects.UIController.isWaiting,gameObjects.UIController.isResponding,gameObjects.Loading.rotation,frameInfo.realtimeSinceStartup,frameInfo.timeSinceLevelLoad,frameInfo.unscaledDeltaTime
False,False,False,True,False,3.3134593963623047,0,True,False,0,26.58211898803711,0,0.016876935958862305
False,False,False,True,False,3.2965824604034424,0,True,False,357,26.591808319091797,0,0.11533594131469727
False,False,False,True,False,3.27970552444458,0,True,False,354,26.593725204467773,0.019999999552965164,0.002003192901611328
False,False,False,True,False,3.2597055435180664,0,True,False,351,26.594432830810547,0.020715970546007156,0.0007159709930419922
False,False,False,True,False,3.2589895725250244,0,True,False,348,26.597408294677734,0.02324797585606575,0.0025320053100585938
False,False,False,True,False,3.256457567214966,0,True,False,345,26.60062599182129,0.02690984681248665,0.0036618709564208984
False,False,False,True,False,3.252795696258545,0,True,False,342,26.60219955444336,0.02849389985203743,0.0015840530395507812
False,False,False,True,False,3.251211643218994,0,True,False,339,26.603759765625,0.029582995921373367,0.0010890960693359375
False,False,False,True,False,3.250122547149658,0,True,False,336,26.609596252441406,0.035838861018419266,0.0062558650970458984
False,False,False,True,False,3.2438666820526123,0,True,False,333,26.624956130981445,0.05107094720005989,0.015232086181640625
False,False,False,True,False,3.2286345958709717,0,True,False,330,26.642038345336914,0.0680098682641983,0.01693892478942871
False,False,False,True,False,3.211695671081543,0,True,False,327,26.658491134643555,0.08447600901126862,0.016466140747070312
False,False,False,True,False,3.1952295303344727,0,True,False,324,26.67534637451172,0.1012737900018692,0.016797780990600586
False,False,False,True,False,3.178431749343872,0,True,False,321,26.692138671875,0.11809398233890533,0.016820192337036133
False,False,False,True,False,3.161611557006836,0,True,False,318,26.709251403808594,0.13541080057621002,0.017316818237304688
False,False,False,True,False,3.1442947387695312,0,True,False,315,26.725828170776367,0.15189100801944733,0.016480207443237305
False,False,False,True,False,3.127814531326294,0,True,False,312,26.742431640625,0.16857196390628815,0.01668095588684082
False,False,False,True,False,3.111133575439453,0,True,False,309,26.75893783569336,0.18493486940860748,0.016362905502319336
False,False,False,True,False,3.094770669937134,0,True,False,306,26.775596618652344,0.2015857845544815,0.016650915145874023
False,False,False,True,False,3.0781197547912598,0,True,False,303,26.792264938354492,0.21825791895389557,0.016672134399414062
False,False,False,True,False,3.0614476203918457,0,True,False,300,26.808862686157227,0.23493386805057526,0.016675949096679688
False,False,False,True,False,3.044771671295166,0,True,False,297,26.825531005859375,0.25151899456977844,0.016585111618041992
False,False,False,True,False,3.028186559677124,0,True,False,294,26.842144012451172,0.26826098561286926,0.01674199104309082
False,False,False,True,False,3.011444568634033,0,True,False,291,26.85875701904297,0.2849178612232208,0.016656875610351562
False,False,False,True,False,2.9947876930236816,0,True,False,288,26.875324249267578,0.30152395367622375,0.01660609245300293
False,False,False,True,False,2.9781816005706787,0,True,False,285,26.892005920410156,0.31818798184394836,0.01666402816772461
False,False,False,True,False,2.961517572402954,0,True,False,282,26.908714294433594,0.33490779995918274,0.016719818115234375
False,False,False,True,False,2.9447977542877197,0,True,False,279,26.925949096679688,0.3520670235157013,0.017159223556518555
False,False,False,True,False,2.927638530731201,0,True,False,276,26.94280242919922,0.3687599003314972,0.0166928768157959
False,False,False,True,False,2.9109456539154053,0,True,False,273,26.959306716918945,0.3854070007801056,0.0166471004486084
False,False,False,True,False,2.894298553466797,0,True,False,270,26.97581672668457,0.4019048511981964,0.01649785041809082
False,False,False,True,False,2.877800703048706,0,True,False,267,26.992053985595703,0.4182298481464386,0.016324996948242188
False,False,False,True,False,2.861475706100464,0,True,False,264,27.008811950683594,0.4349718391895294,0.01674199104309082
False,False,False,True,False,2.844733715057373,0,True,False,261,27.025421142578125,0.4515378773212433,0.016566038131713867
False,False,False,True,False,2.828167676925659,0,True,False,258,27.042116165161133,0.4682948887348175,0.01675701141357422
False,False,False,True,False,2.811410665512085,0,True,False,255,27.059165954589844,0.4852788746356964,0.016983985900878906
False,False,False,True,False,2.794426679611206,0,True,False,252,27.075803756713867,0.5019068717956543,0.016628026962280273
False,False,False,True,False,2.777798652648926,0,True,False,249,27.09241485595703,0.5185239315032959,0.0166170597076416
False,False,False,True,False,2.761181592941284,0,True,False,246,27.109050750732422,0.5351729393005371,0.01664900779724121
False,False,False,True,False,2.744532585144043,0,True,False,243,27.125682830810547,0.5518288612365723,0.016655921936035156
False,False,False,True,False,2.727876663208008,0,True,False,240,27.142484664916992,0.5686118602752686,0.01678299903869629
False,False,False,True,False,2.7110936641693115,0,True,False,237.00001525878906,27.159000396728516,0.5851328372955322,0.016520977020263672
False,False,False,True,False,2.694572687149048,0,True,False,234,27.175640106201172,0.6017298698425293,0.01659703254699707
False,False,False,True,False,2.677975654602051,0,True,False,231,27.19235610961914,0.6184449195861816,0.016715049743652344
False,False,False,True,False,2.6612606048583984,0,True,False,228.00001525878906,27.209108352661133,0.6352229118347168,0.016777992248535156
False,False,False,True,False,2.6444826126098633,0,True,False,225,27.225746154785156,0.6518537998199463,0.016630887985229492
False,False,False,True,False,2.627851724624634,0,True,False,222,27.242332458496094,0.668449878692627,0.016596078872680664
False,False,False,True,False,2.611255645751953,0,True,False,219,27.258934020996094,0.6850509643554688,0.016601085662841797
False,False,False,True,False,2.5946545600891113,0,True,False,216.00001525878906,27.27587890625,0.7019698619842529,0.01691889762878418
False,False,False,True,False,2.577735662460327,0,True,False,213,27.29218864440918,0.7183048725128174,0.016335010528564453
False,False,False,True,False,2.5614006519317627,0,True,False,210,27.30900764465332,0.7351198196411133,0.0168149471282959
False,False,False,True,False,2.544585704803467,0,True,False,207,27.325672149658203,0.7518079280853271,0.016688108444213867
False,False,False,True,False,2.527897596359253,0,True,False,204,27.34235954284668,0.7684657573699951,0.01665782928466797
False,False,False,True,False,2.511239767074585,0,True,False,201,27.358930587768555,0.7850339412689209,0.01656818389892578
False,False,False,True,False,2.494671583175659,0,True,False,198,27.375614166259766,0.8017318248748779,0.01669788360595703
False,False,False,True,False,2.477973699569702,0,True,False,195,27.392208099365234,0.818321943283081,0.016590118408203125
False,False,False,True,False,2.461383581161499,0,True,False,192,27.409700393676758,0.835392951965332,0.017071008682250977
False,False,False,True,False,2.444312572479248,0,True,False,189.00001525878906,27.425647735595703,0.8517818450927734,0.016388893127441406
False,False,False,True,False,2.4279236793518066,0,True,False,186,27.442195892333984,0.8683168888092041,0.016535043716430664
False,False,False,True,False,2.411388635635376,0,True,False,183,27.45892906188965,0.8850438594818115,0.016726970672607422
False,False,False,True,False,2.3946616649627686,0,True,False,180,27.475940704345703,0.9018828868865967,0.016839027404785156
False,False,False,True,False,2.3778226375579834,0,True,False,177.00001525878906,27.49228286743164,0.9183998107910156,0.016516923904418945
False,False,False,True,False,2.3613057136535645,0,True,False,174.00001525878906,27.509008407592773,0.9351217746734619,0.01672196388244629
False,False,False,True,False,2.344583749771118,0,True,False,171,27.52557945251465,0.9516987800598145,0.01657700538635254
False,False,False,True,False,2.3280067443847656,0,True,False,168,27.542186737060547,0.9683048725128174,0.01660609245300293
False,False,False,True,False,2.3114006519317627,0,True,False,165.00001525878906,27.55892562866211,0.9850349426269531,0.016730070114135742
False,False,False,True,False,2.294670581817627,0,True,False,162.00001525878906,27.575565338134766,1.0016858577728271,0.016650915145874023
False,False,False,True,False,2.278019666671753,0,True,False,159,27.592199325561523,1.0183188915252686,0.016633033752441406
False,False,False,True,False,2.2613866329193115,0,True,False,156,27.608963012695312,1.0350778102874756,0.01675891876220703
False,False,False,True,False,2.2446277141571045,0,True,False,153.00001525878906,27.625505447387695,1.0515508651733398,0.016473054885864258
False,False,False,True,False,2.2281546592712402,0,True,False,150.00001525878906,27.642133712768555,1.068246841430664,0.01669597625732422
False,False,False,True,False,2.211458683013916,0,True,False,147,27.658790588378906,1.084913969039917,0.01666712760925293
False,False,False,True,False,2.194791555404663,0,True,False,144,27.675487518310547,1.1016137599945068,0.016699790954589844
False,False,False,True,False,2.1780917644500732,0,True,False,141.00001525878906,27.692113876342773,1.1182258129119873,0.01661205291748047
False,False,False,True,False,2.1614797115325928,0,True,False,138.00001525878906,27.708911895751953,1.1350328922271729,0.016807079315185547
False,False,False,True,False,2.1446726322174072,0,True,False,135,27.725534439086914,1.151582956314087,0.016550064086914062
False,False,False,True,False,2.128122568130493,0,True,False,132,27.742263793945312,1.1683778762817383,0.016794919967651367
False,False,False,True,False,2.111327648162842,0,True,False,129.00001525878906,27.7590274810791,1.1851129531860352,0.016735076904296875
False,False,False,True,False,2.094592571258545,0,True,False,126.00001525878906,27.775503158569336,1.2015948295593262,0.016481876373291016
False,False,False,True,False,2.078110694885254,0,True,False,123.00001525878906,27.79226303100586,1.2183489799499512,0.016754150390625
False,False,False,True,False,2.061356544494629,0,True,False,120.00000762939453,27.80902099609375,1.235083818435669,0.016734838485717773
False,False,False,True,False,2.044621706008911,0,True,False,117.00000762939453,27.82553482055664,1.2515559196472168,0.01647210121154785
False,False,False,True,False,2.0281496047973633,0,True,False,114.00000762939453,27.84227752685547,1.2683758735656738,0.01681995391845703
False,False,False,True,False,2.0113296508789062,0,True,False,111.00000762939453,27.858980178833008,1.2850399017333984,0.01666402816772461
False,False,False,True,False,1.9946656227111816,0,True,False,108.00000762939453,27.87554168701172,1.3016338348388672,0.01659393310546875
False,False,False,True,False,1.978071689605713,0,True,False,105.00001525878906,27.892208099365234,1.3182988166809082,0.016664981842041016
False,False,False,True,False,1.9614067077636719,0,True,False,102.00000762939453,27.908796310424805,1.3349149227142334,0.016616106033325195
False,False,False,True,False,1.9447906017303467,0,True,False,99.00001525878906,27.92542839050293,1.3514468669891357,0.016531944274902344
False,False,False,True,False,1.9282586574554443,0,True,False,96.00000762939453,27.942094802856445,1.3682069778442383,0.01676011085510254
False,False,False,True,False,1.9114985466003418,0,True,False,93.00000762939453,27.9591064453125,1.3850347995758057,0.016827821731567383
False,False,False,True,False,1.8946707248687744,0,True,False,90.00000762939453,27.975353240966797,1.4014668464660645,0.01643204689025879
False,False,False,True,False,1.8782386779785156,0,True,False,87.00001525878906,27.992155075073242,1.4182028770446777,0.01673603057861328
False,False,False,True,False,1.8615026473999023,0,True,False,84.00000762939453,28.008901596069336,1.4350149631500244,0.01681208610534668
False,False,False,True,False,1.8446905612945557,0,True,False,81.00001525878906,28.025419235229492,1.4514658451080322,0.016450881958007812
False,False,False,True,False,1.8282396793365479,0,True,False,78.00000762939453,28.04210662841797,1.4682178497314453,0.016752004623413086
False,False,False,True,False,1.8114876747131348,0,True,False,75.00001525878906,28.0587215423584,1.4848458766937256,0.016628026962280273
False,False,False,True,False,1.7948596477508545,0,True,False,72.00000762939453,28.07537078857422,1.5014829635620117,0.016637086868286133
False,False,False,True,False,1.7782225608825684,0,True,False,69.00001525878906,28.092100143432617,1.5182099342346191,0.016726970672607422
False,False,False,True,False,1.761495590209961,0,True,False,66.00001525878906,28.108701705932617,1.5348169803619385,0.016607046127319336
False,False,False,True,False,1.7448885440826416,0,True,False,63.00001907348633,28.125452041625977,1.5514769554138184,0.016659975051879883
False,False,False,True,False,1.7282285690307617,0,True,False,60.000022888183594,28.142122268676758,1.5682189464569092,0.01674199104309082
False,False,False,True,False,1.711486577987671,0,True,False,57.00001907348633,28.15886878967285,1.5849759578704834,0.01675701141357422
False,False,False,True,False,1.6947295665740967,0,True,False,54.00001907348633,28.175395965576172,1.6015079021453857,0.016531944274902344
False,False,False,True,False,1.6781976222991943,0,True,False,51.00001525878906,28.19203758239746,1.6181468963623047,0.016638994216918945
False,False,False,True,False,1.6615586280822754,0,True,False,48.00001525878906,28.20877456665039,1.6348638534545898,0.016716957092285156
False,False,False,True,False,1.6448416709899902,0,True,False,45.00001525878906,28.22542381286621,1.6514198780059814,0.0165560245513916
False,False,False,True,False,1.6282856464385986,0,True,False,42.00001525878906,28.2420597076416,1.6681737899780273,0.0167539119720459
False,False,False,True,False,1.6115317344665527,0,True,False,39.00001907348633,28.25869369506836,1.6848177909851074,0.016644001007080078
False,False,False,True,False,1.5948877334594727,0,True,False,36.00001525878906,28.27532958984375,1.701448917388916,0.016631126403808594
False,False,False,True,False,1.578256607055664,0,True,False,33.00001907348633,28.29207992553711,1.7181899547576904,0.016741037368774414
False,False,False,True,False,1.5615155696868896,0,True,False,30.000019073486328,28.309709548950195,1.7353389263153076,0.017148971557617188
False,False,False,True,False,1.5443665981292725,0,True,False,27.000019073486328,28.325288772583008,1.7513258457183838,0.015986919403076172
False,False,False,True,False,1.5283796787261963,0,True,False,24.000017166137695,28.342117309570312,1.7682249546051025,0.01689910888671875
False,False,False,True,False,1.5114805698394775,0,True,False,21.000017166137695,28.35874366760254,1.7848448753356934,0.01661992073059082
False,False,False,True,False,1.4948606491088867,0,True,False,18.000015258789062,28.375234603881836,1.8013417720794678,0.016496896743774414
False,False,False,True,False,1.4783637523651123,0,True,False,15.000016212463379,28.391887664794922,1.8180058002471924,0.01666402816772461
False,False,False,True,False,1.4616997241973877,0,True,False,12.000017166137695,28.40860939025879,1.8347327709197998,0.016726970672607422
False,False,False,True,False,1.4449727535247803,0,True,False,9.000016212463379,28.425373077392578,1.851407766342163,0.01667499542236328
False,False,False,True,False,1.428297758102417,0,True,False,6.000016689300537,28.4421443939209,1.86826491355896,0.016857147216796875
False,False,False,True,False,1.4114406108856201,0,True,False,3.000016212463379,28.458703994750977,1.8848199844360352,0.016555070877075195
False,False,False,True,False,1.394885540008545,0,True,False,1.625071672606282E-05,28.475250244140625,1.9013688564300537,0.016548871994018555
False,False,False,True,False,1.3783366680145264,0,True,False,357.0000305175781,28.492494583129883,1.9184398651123047,0.017071008682250977
False,False,False,True,False,1.3612656593322754,0,True,False,354.0000305175781,28.508548736572266,1.9346849918365479,0.016245126724243164
False,False,False,True,False,1.3450205326080322,0,True,False,351.0000305175781,28.525287628173828,1.9513108730316162,0.01662588119506836
False,False,False,True,False,1.3283946514129639,0,True,False,348.0000305175781,28.54205322265625,1.9681308269500732,0.01681995391845703
False,False,False,True,False,1.3115746974945068,0,True,False,345.0000305175781,28.55909538269043,1.9850428104400635,0.016911983489990234
False,False,False,True,False,1.2946627140045166,0,True,False,342,28.575260162353516,2.0013649463653564,0.01632213592529297
False,False,False,True,False,1.2783405780792236,0,True,False,339.0000305175781,28.59185791015625,2.0179738998413086,0.01660895347595215
False,False,False,True,False,1.2617316246032715,0,True,False,336.0000305175781,28.608430862426758,2.0345709323883057,0.01659703254699707
False,False,False,True,False,1.2451345920562744,0,True,False,333.0000305175781,28.62534523010254,2.0513458251953125,0.016774892807006836
False,False,False,True,False,1.2283596992492676,0,True,False,330,28.64192771911621,2.0680429935455322,0.016697168350219727
False,False,False,True,False,1.2116625308990479,0,True,False,327,28.658618927001953,2.084728956222534,0.016685962677001953
False,False,False,True,False,1.194976568222046,0,True,False,324.0000305175781,28.675134658813477,2.101254940032959,0.016525983810424805
False,False,False,True,False,1.178450584411621,0,True,False,321,28.691852569580078,2.117936849594116,0.016681909561157227
False,False,False,True,False,1.1617686748504639,0,True,False,318,28.708545684814453,2.1346797943115234,0.016742944717407227
False,False,False,True,False,1.1450257301330566,0,True,False,315,28.72526741027832,2.151287794113159,0.016607999801635742
False,False,False,True,False,1.128417730331421,0,True,False,312,28.741960525512695,2.168050765991211,0.016762971878051758
False,False,False,True,False,1.1116547584533691,0,True,False,309,28.758874893188477,2.184921979904175,0.016871213912963867
False,False,False,True,False,1.0947835445404053,0,True,False,306.0000305175781,28.775245666503906,2.2013518810272217,0.016429901123046875
False,False,False,True,False,1.0783536434173584,0,True,False,303.0000305175781,28.791915893554688,2.2179999351501465,0.016648054122924805
False,False,False,True,False,1.0617055892944336,0,True,False,300.0000305175781,28.808494567871094,2.2346079349517822,0.016607999801635742
False,False,False,True,False,1.0450975894927979,0,True,False,297,28.825151443481445,2.251250982284546,0.016643047332763672
False,False,False,True,False,1.0284545421600342,0,True,False,294,28.84197235107422,2.2680578231811523,0.016806840896606445
False,False,False,True,False,1.0116477012634277,0,True,False,291,28.858470916748047,2.2845847606658936,0.01652693748474121
False,False,False,True,False,0.9951207637786865,0,True,False,288,28.87522315979004,2.301339864730835,0.016755104064941406
False,False,False,True,False,0.9783656597137451,0,True,False,285.0000305175781,28.891769409179688,2.3178727626800537,0.01653289794921875
False,False,False,True,False,0.9618327617645264,0,True,False,282,28.90839958190918,2.334535837173462,0.016663074493408203
False,False,False,True,False,0.9451696872711182,0,True,False,279.0000305175781,28.92506980895996,2.3511807918548584,0.016644954681396484
False,False,False,True,False,0.9285247325897217,0,True,False,276,28.941795349121094,2.3679118156433105,0.01673102378845215
False,False,False,True,False,0.9117937088012695,0,True,False,273,28.959054946899414,2.384849786758423,0.016937971115112305
False,False,False,True,False,0.8948557376861572,0,True,False,270,28.9752254486084,2.4013149738311768,0.016465187072753906
False,False,False,True,False,0.8783905506134033,0,True,False,267.0000305175781,28.991844177246094,2.417930841445923,0.016615867614746094
False,False,False,True,False,0.8617746829986572,0,True,False,264.0000305175781,29.008403778076172,2.4345247745513916,0.01659393310546875
False,False,False,True,False,0.8451807498931885,0,True,False,261.0000305175781,29.02513885498047,2.451239824295044,0.016715049743652344
False,False,False,True,False,0.8284657001495361,0,True,False,258.0000305175781,29.041873931884766,2.467989921569824,0.016750097274780273
False,False,False,True,False,0.8117156028747559,0,True,False,255.00003051757812,29.058429718017578,2.4845378398895264,0.01654791831970215
False,False,False,True,False,0.7951676845550537,0,True,False,252.00001525878906,29.075063705444336,2.501171827316284,0.016633987426757812
False,False,False,True,False,0.7785336971282959,0,True,False,249.00003051757812,29.091716766357422,2.5178229808807373,0.016651153564453125
False,False,False,True,False,0.7618825435638428,0,True,False,246.00003051757812,29.10846519470215,2.5345919132232666,0.016768932342529297
False,False,False,True,False,0.7451136112213135,0,True,False,243.00003051757812,29.125038146972656,2.5511529445648193,0.016561031341552734
False,False,False,True,False,0.7285525798797607,0,True,False,240.00003051757812,29.141754150390625,2.5678608417510986,0.016707897186279297
False,False,False,True,False,0.7118446826934814,0,True,False,237.00003051757812,29.15837287902832,2.5844857692718506,0.016624927520751953
False,False,False,True,False,0.6952197551727295,0,True,False,234.00003051757812,29.175098419189453,2.601209878921509,0.016724109649658203
False,False,False,True,False,0.6784956455230713,0,True,False,231.00001525878906,29.191648483276367,2.6177659034729004,0.0165560245513916
False,False,False,True,False,0.6619396209716797,0,True,False,228.00001525878906,29.208288192749023,2.6344258785247803,0.016659975051879883
False,False,False,True,False,0.6452796459197998,0,True,False,225.00003051757812,29.22499656677246,2.6510939598083496,0.016668081283569336
False,False,False,True,False,0.6286115646362305,0,True,False,222.00001525878906,29.241849899291992,2.667956829071045,0.016862869262695312
False,False,False,True,False,0.6117486953735352,0,True,False,219.00003051757812,29.258373260498047,2.684485912322998,0.016529083251953125
False,False,False,True,False,0.595219612121582,0,True,False,216.00001525878906,29.275033950805664,2.7011477947235107,0.016661882400512695
False,False,False,True,False,0.5785577297210693,0,True,False,213.00003051757812,29.29161834716797,2.717726945877075,0.016579151153564453
False,False,False,True,False,0.5619785785675049,0,True,False,210.00003051757812,29.30832862854004,2.734452962875366,0.016726016998291016
False,False,False,True,False,0.5452525615692139,0,True,False,207.00001525878906,29.324966430664062,2.7510788440704346,0.01662588119506836
False,False,False,True,False,0.5286266803741455,0,True,False,204.00001525878906,29.341815948486328,2.7679197788238525,0.01684093475341797
False,False,False,True,False,0.5117857456207275,0,True,False,201.00003051757812,29.358407974243164,2.7845189571380615,0.016599178314208984
False,False,False,True,False,0.49518656730651855,0,True,False,198.00003051757812,29.375234603881836,2.8013317584991455,0.016812801361083984
False,False,False,True,False,0.47837376594543457,0,True,False,195.00003051757812,29.391809463500977,2.8178868293762207,0.016555070877075195
False,False,False,True,False,0.4618186950683594,0,True,False,192.00001525878906,29.40846824645996,2.834573984146118,0.01668715476989746
False,False,False,True,False,0.4451315402984619,0,True,False,189.00003051757812,29.425071716308594,2.851162910461426,0.016588926315307617
False,False,False,True,False,0.4285426139831543,0,True,False,186.00003051757812,29.441797256469727,2.8678839206695557,0.016721010208129883
False,False,False,True,False,0.4118216037750244,0,True,False,183.00001525878906,29.458446502685547,2.8845298290252686,0.01664590835571289
False,False,False,True,False,0.3951756954193115,0,True,False,180.00001525878906,29.475034713745117,2.9011337757110596,0.016603946685791016
False,False,False,True,False,0.3785717487335205,0,True,False,177.00003051757812,29.491647720336914,2.9177439212799072,0.016610145568847656
False,False,False,True,False,0.36196160316467285,0,True,False,174.00003051757812,29.508405685424805,2.9345059394836426,0.01676201820373535
False,False,False,True,False,0.3451995849609375,0,True,False,171.00003051757812,29.52495002746582,2.951056957244873,0.01655101776123047
False,False,False,True,False,0.32864856719970703,0,True,False,168.00003051757812,29.54173469543457,2.967848777770996,0.016791820526123047
False,False,False,True,False,0.311856746673584,0,True,False,165.00003051757812,29.55839729309082,2.9845008850097656,0.01665210723876953
False,False,False,True,False,0.29520463943481445,0,True,False,162.00003051757812,29.575096130371094,3.001194953918457,0.016694068908691406
False,False,False,True,False,0.27851057052612305,0,True,False,159.00003051757812,29.591787338256836,3.017878770828247,0.01668381690979004
False,False,False,True,False,0.261826753616333,0,True,False,156.00001525878906,29.60834503173828,3.0344479084014893,0.016569137573242188
False,False,False,True,False,0.24525761604309082,0,True,False,153.00003051757812,29.625614166259766,3.051283836364746,0.016835927963256836
False,False,False,True,False,0.22842168807983398,0,True,False,150.00003051757812,29.64177894592285,3.067870855331421,0.016587018966674805
False,False,False,True,False,0.21183466911315918,0,True,False,147.00003051757812,29.658388137817383,3.084479808807373,0.01660895347595215
False,False,False,True,False,0.19522571563720703,0,True,False,144.00003051757812,29.674942016601562,3.101036787033081,0.016556978225708008
False,False,False,True,False,0.17866873741149902,0,True,False,141.00003051757812,29.691509246826172,3.1176259517669678,0.01658916473388672
False,False,False,True,False,0.1620795726776123,0,True,False,138.00003051757812,29.708139419555664,3.1342639923095703,0.01663804054260254
False,False,False,True,False,0.14544153213500977,0,True,False,135.00003051757812,29.724910736083984,3.1510257720947266,0.01676177978515625
False,False,False,True,False,0.12867975234985352,0,True,False,132.00003051757812,29.74168586730957,3.1677939891815186,0.016768217086791992
False,False,False,True,False,0.11191153526306152,0,True,False,129.00003051757812,29.75826644897461,3.184372901916504,0.01657891273498535
False,False,False,True,False,0.09533262252807617,0,True,False,126.0000228881836,29.774959564208984,3.2010679244995117,0.016695022583007812
False,False,False,True,False,0.07863759994506836,0,True,False,123.00003051757812,29.791507720947266,3.2176167964935303,0.016548871994018555
False,False,False,True,False,0.062088727951049805,0,True,False,120.00003051757812,29.80816650390625,3.2342889308929443,0.016672134399414062
False,False,False,True,False,0.04541659355163574,0,True,False,117.0000228881836,29.82477378845215,3.250891923904419,0.01660299301147461
False,False,False,True,False,0.028813600540161133,0,True,False,114.0000228881836,29.841861724853516,3.267918825149536,0.017026901245117188
False,False,False,True,False,0.011786699295043945,0,True,False,111.00003051757812,29.858274459838867,3.2843828201293945,0.0164639949798584
False,False,True,False,False,-0.004677295684814453,0,False,True,,29.875120162963867,3.301151990890503,0.0167691707611084
False,False,True,False,False,-0.004677295684814453,0.0167691707611084,False,True,,29.891448974609375,3.3175699710845947,0.016417980194091797
False,False,True,False,False,-0.004677295684814453,0.033187150955200195,False,True,,29.908164978027344,3.3343069553375244,0.016736984252929688
False,False,True,False,False,-0.004677295684814453,0.04992413520812988,False,True,,29.92460060119629,3.350735902786255,0.01642894744873047
False,False,True,False,False,-0.004677295684814453,0.06635308265686035,False,True,,29.941438674926758,3.367445945739746,0.01671004295349121
False,False,True,False,False,-0.004677295684814453,0.08306312561035156,False,True,,29.95806884765625,3.3841958045959473,0.016749858856201172
False,False,True,False,False,-0.004677295684814453,0.09981298446655273,False,True,,29.974773406982422,3.400885820388794,0.01669001579284668
False,False,True,False,False,-0.004677295684814453,0.11650300025939941,False,True,,29.991384506225586,3.4175148010253906,0.01662898063659668
False,False,True,False,False,-0.004677295684814453,0.1331319808959961,False,True,,30.0079345703125,3.4340739250183105,0.016559123992919922
False,False,True,False,False,-0.004677295684814453,0.14969110488891602,False,True,,30.024709701538086,3.45084285736084,0.016768932342529297
False,False,True,False,False,-0.004677295684814453,0.1664600372314453,False,True,,30.041486740112305,3.4675347805023193,0.016691923141479492
False,False,True,False,False,-0.004677295684814453,0.1831519603729248,False,True,,30.058042526245117,3.484170913696289,0.016636133193969727
False,False,True,False,False,-0.004677295684814453,0.19978809356689453,False,True,,30.074748992919922,3.500875949859619,0.016705036163330078
False,False,True,False,False,-0.004677295684814453,0.2164931297302246,False,True,,30.091346740722656,3.517481803894043,0.016605854034423828
False,False,True,False,False,-0.004677295684814453,0.23309898376464844,False,True,,30.108028411865234,3.5341689586639404,0.01668715476989746
False,False,True,False,False,-0.004677295684814453,0.2497861385345459,False,True,,30.12480926513672,3.5508639812469482,0.016695022583007812
False,False,True,False,False,-0.004677295684814453,0.2664811611175537,False,True,,30.1419677734375,3.5679099559783936,0.017045974731445312
False,False,True,False,False,-0.004677295684814453,0.283527135848999,False,True,,30.15850830078125,3.584376811981201,0.016466856002807617
False,False,True,False,False,-0.004677295684814453,0.29999399185180664,False,True,,30.17485237121582,3.600968837738037,0.016592025756835938
False,False,True,False,False,-0.004677295684814453,0.3165860176086426,False,True,,30.1912841796875,3.6174068450927734,0.016438007354736328
False,False,True,False,False,-0.004677295684814453,0.3330240249633789,False,True,,30.207897186279297,3.6340408325195312,0.016633987426757812
False,False,True,False,False,-0.004677295684814453,0.3496580123901367,False,True,,30.224773406982422,3.65087890625,0.01683807373046875
False,False,True,False,False,-0.004677295684814453,0.36649608612060547,False,True,,30.241376876831055,3.6674139499664307,0.016535043716430664
False,False,True,False,False,-0.004677295684814453,0.38303112983703613,False,True,,30.25804901123047,3.6841788291931152,0.01676487922668457
False,False,True,False,False,-0.004677295684814453,0.3997960090637207,False,True,,30.274675369262695,3.700800895690918,0.016622066497802734
False,False,True,False,False,-0.004677295684814453,0.41641807556152344,False,True,,30.29124641418457,3.7173807621002197,0.016579866409301758
False,False,True,False,False,-0.004677295684814453,0.4329979419708252,False,True,,30.30790138244629,3.7340378761291504,0.016657114028930664
False,False,True,False,False,-0.004677295684814453,0.44965505599975586,False,True,,30.32453155517578,3.750657796859741,0.01661992073059082
False,False,True,False,False,-0.004677295684814453,0.4662749767303467,False,True,,30.341350555419922,3.767350912094116,0.016693115234375
False,False,True,False,False,-0.004677295684814453,0.4829680919647217,False,True,,30.35799789428711,3.784115791320801,0.01676487922668457
False,False,True,False,False,-0.004677295684814453,0.49973297119140625,False,True,,30.374910354614258,3.8009519577026367,0.016836166381835938
True,True,False,False,True,-0.004677295684814453,0.5165691375732422,False,False,,30.391353607177734,3.817452907562256,0.01650094985961914
True,True,False,False,True,-0.004677295684814453,0.5165691375732422,False,False,,30.408267974853516,3.834307909011841,0.01685500144958496
True,True,False,False,True,-0.004677295684814453,0.5165691375732422,False,False,,30.424636840820312,3.8507518768310547,0.016443967819213867
True,True,False,False,True,-0.004677295684814453,0.5165691375732422,False,False,,30.44133758544922,3.867335796356201,0.016583919525146484
True,True,False,False,True,-0.004677295684814453,0.5165691375732422,False,False,,30.458024978637695,3.884147882461548,0.01681208610534668
True,True,False,False,True,-0.004677295684814453,0.5165691375732422,False,False,,30.474609375,3.900728940963745,0.016581058502197266
True,True,False,False,True,-0.004677295684814453,0.5165691375732422,False,False,,30.49123764038086,3.917357921600342,0.01662898063659668
True,True,False,False,True,-0.004677295684814453,0.5165691375732422,False,False,,30.507915496826172,3.9340579509735107,0.016700029373168945
True,True,False,False,True,-0.004677295684814453,0.5165691375732422,False,False,,30.52457046508789,3.9506828784942627,0.016624927520751953
True,True,False,False,True,-0.004677295684814453,0.5165691375732422,False,False,,30.541339874267578,3.9673287868499756,0.01664590835571289
True,True,False,False,True,-0.004677295684814453,0.5165691375732422,False,False,,30.558013916015625,3.984135866165161,0.016807079315185547
True,True,False,False,True,-0.004677295684814453,0.5165691375732422,False,False,,30.574722290039062,4.000802993774414,0.01666712760925293
True,True,False,False,True,-0.004677295684814453,0.5165691375732422,False,False,,30.59114646911621,4.01727294921875,0.016469955444335938
True,True,False,False,True,-0.004677295684814453,0.5165691375732422,False,False,,30.607830047607422,4.033968925476074,0.01669597625732422
True,True,False,False,True,-0.004677295684814453,0.5165691375732422,False,False,,30.62454605102539,4.050667762756348,0.016698837280273438
True,True,False,False,True,-0.004677295684814453,0.5165691375732422,False,False,,30.641284942626953,4.06729793548584,0.016630172729492188
True,True,False,False,True,-0.004677295684814453,0.5165691375732422,False,False,,30.657901763916016,4.084012985229492,0.016715049743652344
True,True,False,False,True,-0.004677295684814453,0.5165691375732422,False,False,,30.67452621459961,4.100648880004883,0.016635894775390625
True,True,False,False,True,-0.004677295684814453,0.5165691375732422,False,False,,30.691123962402344,4.117248058319092,0.016598939895629883
True,True,False,False,True,-0.004677295684814453,0.5165691375732422,False,False,,30.707820892333984,4.133954048156738,0.016705989837646484
True,True,False,False,True,-0.004677295684814453,0.5165691375732422,False,False,,30.724519729614258,4.150644779205322,0.016690969467163086
True,True,False,False,True,-0.004677295684814453,0.5165691375732422,False,False,,30.74156379699707,4.1675591468811035,0.01691412925720215
True,True,False,False,True,-0.004677295684814453,0.5165691375732422,False,False,,30.758007049560547,4.184124946594238,0.016566038131713867
True,True,False,False,True,-0.004677295684814453,0.5165691375732422,False,False,,30.774585723876953,4.200700759887695,0.01657581329345703
True,True,False,False,True,-0.004677295684814453,0.5165691375732422,False,False,,30.792524337768555,4.218496799468994,0.017796039581298828
True,True,False,False,True,-0.004677295684814453,0.5165691375732422,False,False,,30.808042526245117,4.234175205230713,0.01567816734313965
True,True,False,False,True,-0.004677295684814453,0.5165691375732422,False,False,,30.826196670532227,4.252041816711426,0.017866849899291992
True,True,False,False,True,-0.004677295684814453,0.5165691375732422,False,False,,30.84109115600586,4.267212867736816,0.015171051025390625
True,True,False,False,True,-0.004677295684814453,0.5165691375732422,False,False,,30.857913970947266,4.284026145935059,0.016813039779663086
True,True,False,False,True,-0.004677295684814453,0.5165691375732422,False,False,,30.874515533447266,4.300629138946533,0.01660299301147461
True,True,False,False,True,-0.004677295684814453,0.5165691375732422,False,False,,30.891218185424805,4.317336082458496,0.01670694351196289
True,True,False,False,True,-0.004677295684814453,0.5165691375732422,False,False,,30.907726287841797,4.333858013153076,0.016521930694580078
True,True,False,False,True,-0.004677295684814453,0.5165691375732422,False,False,,30.92439842224121,4.350521087646484,0.016663074493408203
True,True,False,False,True,-0.004677295684814453,0.5165691375732422,False,False,,30.94107437133789,4.367201805114746,0.01668095588684082
True,True,False,False,True,-0.004677295684814453,0.5165691375732422,False,False,,30.957962036132812,4.384070873260498,0.016869068145751953
True,True,False,False,True,-0.004677295684814453,0.5165691375732422,False,False,,30.974573135375977,4.400691986083984,0.016621112823486328
True,True,False,False,True,-0.004677295684814453,0.5165691375732422,False,False,,30.991024017333984,4.417141914367676,0.016449928283691406
True,True,False,False,True,-0.004677295684814453,0.5165691375732422,False,False,,31.007678985595703,4.433815956115723,0.016674041748046875
True,True,False,False,True,-0.004677295684814453,0.5165691375732422,False,False,,31.024429321289062,4.450541019439697,0.016724824905395508
True,True,False,False,True,-0.004677295684814453,0.5165691375732422,False,False,,31.04107666015625,4.467195987701416,0.01665520668029785
True,True,False,False,True,-0.004677295684814453,0.5165691375732422,False,False,,31.057743072509766,4.483858108520508,0.016661882400512695
True,True,False,False,True,-0.004677295684814453,0.5165691375732422,False,False,,31.074623107910156,4.500740051269531,0.016881942749023438
True,True,False,False,True,-0.004677295684814453,0.5165691375732422,False,False,,31.090967178344727,4.517098903656006,0.01635909080505371
True,True,False,False,True,-0.004677295684814453,0.5165691375732422,False,False,,31.107683181762695,4.5338239669799805,0.01672506332397461
True,True,False,False,True,-0.004677295684814453,0.5165691375732422,False,False,,31.124677658081055,4.550684928894043,0.0168609619140625
True,True,False,False,True,-0.004677295684814453,0.5165691375732422,False,False,,31.141597747802734,4.567522048950195,0.016836881637573242
True,True,False,False,True,-0.004677295684814453,0.5165691375732422,False,False,,31.157669067382812,4.583785057067871,0.01626300811767578
True,True,False,False,True,-0.004677295684814453,0.5165691375732422,False,False,,31.17449188232422,4.600611209869385,0.016826152801513672
True,True,False,False,True,-0.004677295684814453,0.5165691375732422,False,False,,31.191133499145508,4.617232799530029,0.016621828079223633
True,True,False,False,True,-0.004677295684814453,0.5165691375732422,False,False,,31.20766258239746,4.633790969848633,0.016558170318603516
True,True,False,False,True,-0.004677295684814453,0.5165691375732422,False,False,,31.224332809448242,4.650447845458984,0.016656875610351562
True,True,False,False,True,-0.004677295684814453,0.5165691375732422,False,False,,31.240976333618164,4.667099952697754,0.01665210723876953
True,True,False,False,True,-0.004677295684814453,0.5165691375732422,False,False,,31.257768630981445,4.68386697769165,0.016767024993896484
True,True,False,False,True,-0.004677295684814453,0.5165691375732422,False,False,,31.27436065673828,4.700472831726074,0.016605854034423828
True,True,False,False,True,-0.004677295684814453,0.5165691375732422,False,False,,31.29102897644043,4.71713399887085,0.01666092872619629
True,True,False,False,True,-0.004677295684814453,0.5165691375732422,False,False,,31.307613372802734,4.7337470054626465,0.016613006591796875
True,True,False,False,True,-0.004677295684814453,0.5165691375732422,False,False,,31.32423973083496,4.750360012054443,0.016613006591796875
True,True,False,False,True,-0.004677295684814453,0.5165691375732422,False,False,,31.340961456298828,4.767075061798096,0.016715049743652344
True,True,False,False,True,-0.004677295684814453,0.5165691375732422,False,False,,31.357662200927734,4.783783912658691,0.016709089279174805
True,True,False,False,True,-0.004677295684814453,0.5165691375732422,False,False,,31.374502182006836,4.800595760345459,0.016811847686767578
True,True,False,False,True,-0.004677295684814453,0.5165691375732422,False,False,,31.391050338745117,4.817139148712158,0.016543149948120117
True,True,False,False,True,-0.004677295684814453,0.5165691375732422,False,False,,31.40749168395996,4.833624839782715,0.016485929489135742
True,True,False,False,True,-0.004677295684814453,0.5165691375732422,False,False,,31.424226760864258,4.850337028503418,0.016711950302124023
True,True,False,False,True,-0.004677295684814453,0.5165691375732422,False,False,,31.441444396972656,4.86732292175293,0.01698613166809082
True,True,False,False,True,-0.004677295684814453,0.5165691375732422,False,False,,31.457719802856445,4.883832931518555,0.016510009765625
True,True,False,False,True,-0.004677295684814453,0.5165691375732422,False,False,,31.47439193725586,4.900510787963867,0.0166778564453125
True,True,False,False,True,-0.004677295684814453,0.5165691375732422,False,False,,31.490997314453125,4.917113780975342,0.01660299301147461
True,True,False,False,True,-0.004677295684814453,0.5165691375732422,False,False,,31.50759506225586,4.933730125427246,0.016616106033325195
True,True,False,False,True,-0.004677295684814453,0.5165691375732422,False,False,,31.524152755737305,4.95028018951416,0.016550064086914062
True,True,False,False,True,-0.004677295684814453,0.5165691375732422,False,False,,31.54085922241211,4.966980934143066,0.01670098304748535
True,True,False,False,True,-0.004677295684814453,0.5165691375732422,False,False,,31.557662963867188,4.9837470054626465,0.016765832901000977
True,True,False,False,True,-0.004677295684814453,0.5165691375732422,False,False,,31.57430648803711,5.000428199768066,0.016681194305419922
True,True,False,False,True,-0.004677295684814453,0.5165691375732422,False,False,,31.59090805053711,5.017032146453857,0.016603946685791016
True,True,False,False,True,-0.004677295684814453,0.5165691375732422,False,False,,31.607582092285156,5.033720970153809,0.016689062118530273
True,True,False,False,True,-0.004677295684814453,0.5165691375732422,False,False,,31.624135971069336,5.050261974334717,0.016541004180908203
True,True,False,False,True,-0.004677295684814453,0.5165691375732422,False,False,,31.64108657836914,5.067179203033447,0.016916990280151367
True,True,False,False,True,-0.004677295684814453,0.5165691375732422,False,False,,31.65763282775879,5.083725929260254,0.016546964645385742
True,True,False,False,True,-0.004677295684814453,0.5165691375732422,False,False,,31.674476623535156,5.100564002990723,0.01683783531188965
True,True,False,False,True,-0.004677295684814453,0.5165691375732422,False,False,,31.6910343170166,5.117125988006592,0.016562223434448242
True,True,False,False,True,-0.004677295684814453,0.5165691375732422,False,False,,31.707616806030273,5.133720874786377,0.016594886779785156
True,True,False,False,True,-0.004677295684814453,0.5165691375732422,False,False,,31.72430419921875,5.150396823883057,0.016675949096679688
True,True,False,False,True,-0.004677295684814453,0.5165691375732422,False,False,,31.74102783203125,5.167092800140381,0.01669597625732422
True,True,False,False,True,-0.004677295684814453,0.5165691375732422,False,False,,31.75804901123047,5.183986186981201,0.01689314842224121
True,True,False,False,True,-0.004677295684814453,0.5165691375732422,False,False,,31.77442169189453,5.200507164001465,0.016520977020263672
True,True,False,False,True,-0.004677295684814453,0.5165691375732422,False,False,,31.791017532348633,5.217103958129883,0.01659703254699707
True,True,False,False,True,-0.004677295684814453,0.5165691375732422,False,False,,31.80759048461914,5.233702182769775,0.016597986221313477
True,True,False,False,True,-0.004677295684814453,0.5165691375732422,False,False,,31.824127197265625,5.250236988067627,0.016535043716430664
True,True,False,False,True,-0.004677295684814453,0.5165691375732422,False,False,,31.840835571289062,5.266948223114014,0.016710996627807617
True,True,False,False,True,-0.004677295684814453,0.5165691375732422,False,False,,31.857540130615234,5.283574104309082,0.01662588119506836
True,True,False,False,True,-0.004677295684814453,0.5165691375732422,False,False,,31.87429428100586,5.3004021644592285,0.016828060150146484
True,True,False,False,True,-0.004677295684814453,0.5165691375732422,False,False,,31.890798568725586,5.316906929016113,0.016505002975463867
True,True,False,False,True,-0.004677295684814453,0.5165691375732422,False,False,,31.907556533813477,5.333683967590332,0.01677703857421875
True,True,False,False,True,-0.004677295684814453,0.5165691375732422,False,False,,31.92414093017578,5.350255012512207,0.0165708065032959
True,True,False,False,True,-0.004677295684814453,0.5165691375732422,False,False,,31.940834045410156,5.366943836212158,0.016689062118530273
True,True,False,False,True,-0.004677295684814453,0.5165691375732422,False,False,,31.957717895507812,5.383774757385254,0.016830921173095703
True,True,False,False,True,-0.004677295684814453,0.5165691375732422,False,False,,31.9742374420166,5.400350093841553,0.016575098037719727
True,True,False,False,True,-0.004677295684814453,0.5165691375732422,False,False,,31.990764617919922,5.416883945465088,0.016534090042114258
True,True,False,False,True,-0.004677295684814453,0.5165691375732422,False,False,,32.007415771484375,5.433529853820801,0.01664590835571289
True,True,False,False,True,-0.004677295684814453,0.5165691375732422,False,False,,32.02415084838867,5.450267791748047,0.016737937927246094
True,True,False,False,True,-0.004677295684814453,0.5165691375732422,False,False,,32.04078674316406,5.466904163360596,0.016636133193969727
True,True,False,False,True,-0.004677295684814453,0.5165691375732422,False,False,,32.05744552612305,5.483485221862793,0.016581058502197266
True,True,False,False,True,-0.004677295684814453,0.5165691375732422,False,False,,32.07425308227539,5.500372886657715,0.016887903213500977
True,True,False,False,True,-0.004677295684814453,0.5165691375732422,False,False,,32.090702056884766,5.5168280601501465,0.01645493507385254
True,True,False,False,True,-0.004677295684814453,0.5165691375732422,False,False,,32.10733413696289,5.533475875854492,0.016648054122924805
True,True,False,False,True,-0.004677295684814453,0.5165691375732422,False,False,,32.12405014038086,5.550168037414551,0.016691923141479492
True,True,False,False,True,-0.004677295684814453,0.5165691375732422,False,False,,32.1432991027832,5.566868782043457,0.01670098304748535
True,True,False,False,True,-0.004677295684814453,0.5165691375732422,False,False,,32.15784454345703,5.58388090133667,0.01701211929321289
True,True,False,False,True,-0.004677295684814453,0.5165691375732422,False,False,,32.17432403564453,5.600441932678223,0.016561031341552734
True,True,False,False,True,-0.004677295684814453,0.5165691375732422,False,False,,32.19077682495117,5.616896152496338,0.016453981399536133
True,True,False,False,True,-0.004677295684814453,0.5165691375732422,False,False,,32.20746994018555,5.633594036102295,0.01669788360595703
True,True,False,False,True,-0.004677295684814453,0.5165691375732422,False,False,,32.22402572631836,5.650144100189209,0.016550064086914062
True,True,False,False,True,-0.004677295684814453,0.5165691375732422,False,False,,32.240840911865234,5.666956901550293,0.016813039779663086
True,True,False,False,True,-0.004677295684814453,0.5165691375732422,False,False,,32.25743103027344,5.6834540367126465,0.016496896743774414
True,True,False,False,True,-0.004677295684814453,0.5165691375732422,False,False,,32.277530670166016,5.703237056732178,0.01978302001953125
True,True,False,False,True,-0.004677295684814453,0.5165691375732422,False,False,,32.290897369384766,5.717010021209717,0.013772964477539062
True,True,False,False,True,-0.004677295684814453,0.5165691375732422,False,False,,32.307228088378906,5.733364105224609,0.016354084014892578
True,True,False,False,True,-0.004677295684814453,0.5165691375732422,False,False,,32.32400131225586,5.750114917755127,0.01675105094909668
True,True,False,False,True,-0.004677295684814453,0.5165691375732422,False,False,,32.340946197509766,5.767067909240723,0.016952991485595703
True,True,False,False,True,-0.004677295684814453,0.5165691375732422,False,False,,32.35753631591797,5.783557891845703,0.01648998260498047
True,True,False,False,True,-0.004677295684814453,0.5165691375732422,False,False,,32.37397384643555,5.800087928771973,0.01653003692626953
True,True,False,False,True,-0.004677295684814453,0.5165691375732422,False,False,,32.39067077636719,5.816786766052246,0.016698837280273438
True,True,False,False,True,-0.004677295684814453,0.5165691375732422,False,False,,32.407222747802734,5.8333539962768555,0.016566991806030273
True,True,False,False,True,-0.004677295684814453,0.5165691375732422,False,False,,32.424015045166016,5.850136756896973,0.01678299903869629
True,True,False,False,True,-0.004677295684814453,0.5165691375732422,False,False,,32.44062042236328,5.866748809814453,0.01661205291748047
True,True,False,False,True,-0.004677295684814453,0.5165691375732422,False,False,,32.45735549926758,5.883374214172363,0.016625165939331055
True,True,False,False,True,-0.004677295684814453,0.5165691375732422,False,False,,32.47404861450195,5.900174140930176,0.0167999267578125
True,True,False,False,True,-0.004677295684814453,0.5165691375732422,False,False,,32.49075698852539,5.916872024536133,0.01669788360595703
True,True,False,False,True,-0.004677295684814453,0.5165691375732422,False,False,,32.5073356628418,5.933462142944336,0.016590118408203125
True,True,False,False,True,-0.004677295684814453,0.5165691375732422,False,False,,32.52396774291992,5.950092792510986,0.016630887985229492
True,True,False,False,True,-0.004677295684814453,0.5165691375732422,False,False,,32.54081344604492,5.966875076293945,0.016782045364379883
True,True,False,False,True,-0.004677295684814453,0.5165691375732422,False,False,,32.55747604370117,5.9834818840026855,0.016607046127319336
True,True,False,False,True,-0.004677295684814453,0.5165691375732422,False,False,,32.574039459228516,6.000160217285156,0.0166780948638916
True,True,False,False,True,-0.004677295684814453,0.5165691375732422,False,False,,32.59062576293945,6.016748905181885,0.016588926315307617
True,True,False,False,True,-0.004677295684814453,0.5165691375732422,False,False,,32.607208251953125,6.033335208892822,0.0165860652923584
True,True,False,False,True,-0.004677295684814453,0.5165691375732422,False,False,,32.623966217041016,6.0500898361206055,0.016754865646362305
True,True,False,False,True,-0.004677295684814453,0.5165691375732422,False,False,,32.64065933227539,6.066781997680664,0.016691923141479492
True,True,False,False,True,-0.004677295684814453,0.5165691375732422,False,False,,32.6574592590332,6.083477973937988,0.01669621467590332
True,True,False,False,True,-0.004677295684814453,0.5165691375732422,False,False,,32.67414093017578,6.100255012512207,0.01677680015563965
True,True,False,False,True,-0.004677295684814453,0.5165691375732422,False,False,,32.69072723388672,6.116860866546631,0.01660609245300293
True,True,False,False,True,-0.004677295684814453,0.5165691375732422,False,False,,32.70725631713867,6.133400917053223,0.016540050506591797
True,True,False,False,True,-0.004677295684814453,0.5165691375732422,False,False,,32.723934173583984,6.1500678062438965,0.016666889190673828
True,True,False,False,True,-0.004677295684814453,0.5165691375732422,False,False,,32.74073028564453,6.166847229003906,0.016779184341430664
True,True,False,False,True,-0.004677295684814453,0.5165691375732422,False,False,,32.7573356628418,6.183365821838379,0.016518831253051758
True,True,False,False,True,-0.004677295684814453,0.5165691375732422,False,False,,32.773948669433594,6.200080871582031,0.016715049743652344
True,True,False,False,True,-0.004677295684814453,0.5165691375732422,False,False,,32.790584564208984,6.216719150543213,0.01663804054260254
True,True,False,False,True,-0.004677295684814453,0.5165691375732422,False,False,,32.80725860595703,6.233395099639893,0.016675949096679688
True,True,False,False,True,-0.004677295684814453,0.5165691375732422,False,False,,32.82392501831055,6.250034809112549,0.01663994789123535
True,True,False,False,True,-0.004677295684814453,0.5165691375732422,False,False,,32.84044647216797,6.266585826873779,0.01655101776123047
True,True,False,False,True,-0.004677295684814453,0.5165691375732422,False,False,,32.85732650756836,6.283369064331055,0.01678299903869629
True,True,False,False,True,-0.004677295684814453,0.5165691375732422,False,False,,32.87405014038086,6.300158977508545,0.016790151596069336
True,True,False,False,True,-0.004677295684814453,0.5165691375732422,False,False,,32.89067840576172,6.316808223724365,0.01664900779724121
True,True,False,False,True,-0.004677295684814453,0.5165691375732422,False,False,,32.907230377197266,6.333381175994873,0.016572952270507812
True,True,False,False,True,-0.004677295684814453,0.5165691375732422,False,False,,32.923912048339844,6.350045204162598,0.01666402816772461
True,True,False,False,True,-0.004677295684814453,0.5165691375732422,False,False,,32.94048309326172,6.3666090965271,0.016563892364501953
True,True,False,False,True,-0.004677295684814453,0.5165691375732422,False,False,,32.957275390625,6.383310794830322,0.016701936721801758
True,True,False,False,True,-0.004677295684814453,0.5165691375732422,False,False,,32.97391891479492,6.4000468254089355,0.01673603057861328
True,True,False,False,True,-0.004677295684814453,0.5165691375732422,False,False,,32.9906120300293,6.416741847991943,0.016695022583007812
True,True,False,False,True,-0.004677295684814453,0.5165691375732422,False,False,,33.00716781616211,6.433313846588135,0.016571998596191406
True,True,False,False,True,-0.004677295684814453,0.5165691375732422,False,False,,33.02397155761719,6.450061798095703,0.01674795150756836
True,True,False,False,True,-0.004677295684814453,0.5165691375732422,False,False,,33.04055404663086,6.466685771942139,0.016623973846435547
True,True,False,False,True,-0.004677295684814453,0.5165691375732422,False,False,,33.05735778808594,6.4833478927612305,0.016662120819091797
True,True,False,False,True,-0.004677295684814453,0.5165691375732422,False,False,,33.07392883300781,6.50005578994751,0.016707897186279297
True,True,False,False,True,-0.004677295684814453,0.5165691375732422,False,False,,33.091148376464844,6.516791820526123,0.01673603057861328
True,True,False,False,True,-0.004677295684814453,0.5165691375732422,False,False,,33.10718536376953,6.5333027839660645,0.016510963439941406
True,True,False,False,True,-0.004677295684814453,0.5165691375732422,False,False,,33.12376403808594,6.5498762130737305,0.016573190689086914
True,True,False,False,True,-0.004677295684814453,0.5165691375732422,False,False,,33.14046096801758,6.5665740966796875,0.01669788360595703
True,True,False,False,True,-0.004677295684814453,0.5165691375732422,False,False,,33.15740966796875,6.583395004272461,0.016820907592773438
True,True,False,False,True,-0.004677295684814453,0.5165691375732422,False,False,,33.173892974853516,6.599991798400879,0.01659703254699707
True,True,False,False,True,-0.004677295684814453,0.5165691375732422,False,False,,33.1905517578125,6.616653919219971,0.016662120819091797
True,True,False,False,True,-0.004677295684814453,0.5165691375732422,False,False,,33.20724868774414,6.633365154266357,0.016710996627807617
True,True,False,False,True,-0.004677295684814453,0.5165691375732422,False,False,,33.22377395629883,6.649878978729248,0.016514062881469727
True,True,False,False,True,-0.004677295684814453,0.5165691375732422,False,False,,33.24045944213867,6.666562080383301,0.016682863235473633
True,True,False,False,True,-0.004677295684814453,0.5165691375732422,False,False,,33.257049560546875,6.683162212371826,0.01660013198852539
True,True,False,False,True,-0.004677295684814453,0.5165691375732422,False,False,,33.273902893066406,6.700006008148193,0.016843795776367188
True,True,False,False,True,-0.004677295684814453,0.5165691375732422,False,False,,33.290489196777344,6.71659517288208,0.01658916473388672
True,True,False,False,True,-0.004677295684814453,0.5165691375732422,False,False,,33.30702209472656,6.733150959014893,0.0165560245513916
True,True,False,False,True,-0.004677295684814453,0.5165691375732422,False,False,,33.323768615722656,6.7498779296875,0.016726970672607422
True,True,False,False,True,-0.004677295684814453,0.5165691375732422,False,False,,33.34049987792969,6.766611099243164,0.01673293113708496
True,True,False,False,True,-0.004677295684814453,0.5165691375732422,False,False,,33.357330322265625,6.783304214477539,0.016693115234375
True,True,False,False,True,-0.004677295684814453,0.5165691375732422,False,False,,33.37373733520508,6.799849987030029,0.016546010971069336
True,True,False,False,True,-0.004677295684814453,0.5165691375732422,False,False,,33.39048767089844,6.816597938537598,0.01674795150756836
True,True,False,False,True,-0.004677295684814453,0.5165691375732422,False,False,,33.40735626220703,6.833268165588379,0.01666998863220215
True,True,False,False,True,-0.004677295684814453,0.5165691375732422,False,False,,33.42371368408203,6.849809169769287,0.016541004180908203
True,True,False,False,True,-0.004677295684814453,0.5165691375732422,False,False,,33.440460205078125,6.866530895233154,0.01672196388244629
True,True,False,False,True,-0.004677295684814453,0.5165691375732422,False,False,,33.456966400146484,6.8830671310424805,0.01653599739074707
True,True,False,False,True,-0.004677295684814453,0.5165691375732422,False,False,,33.47378158569336,6.899882793426514,0.016815900802612305
True,True,False,False,True,-0.004677295684814453,0.5165691375732422,False,False,,33.49040603637695,6.9164958000183105,0.016613006591796875
True,True,False,False,True,-0.004677295684814453,0.5165691375732422,False,False,,33.5115852355957,6.933256149291992,0.01676011085510254
