[{
  "dateTime" : "2020-02-10T22:34:53.7003080Z",
  "description" : "Session Started",
  "captureRate" : 1,
  "extraInfo" : {
    "clientVersion" : "1.1.6",
    "gameVersion" : "1.1.6"
  },
  "special" : true,
  "targetFrameRate" : -1,
  "playerName" : "Boyd",
  "frameInfo" : {
    "realtimeSinceStartup" : -1.0,
    "timeSinceLevelLoad" : -1.0,
    "unscaledDeltaTime" : -1.0
  }
},{
  "description" : "Scene Loaded",
  "sceneName" : "SampleScene",
  "special" : true,
  "frameInfo" : {
    "realtimeSinceStartup" : 26.557016372680664,
    "timeSinceLevelLoad" : 0.0,
    "unscaledDeltaTime" : 0.016876935958862305
  }
},{
  "description" : "Scene Loaded",
  "sceneName" : "SampleScene",
  "special" : true,
  "frameInfo" : {
    "realtimeSinceStartup" : 33.537117004394531,
    "timeSinceLevelLoad" : 0.0,
    "unscaledDeltaTime" : 0.016596078872680664
  }
},{
  "description" : "Scene Loaded",
  "sceneName" : "SampleScene",
  "special" : true,
  "frameInfo" : {
    "realtimeSinceStartup" : 41.884803771972656,
    "timeSinceLevelLoad" : 0.0,
    "unscaledDeltaTime" : 0.016623020172119141
  }
}]