gameObjects.UIController.againButtonIsActive,gameObjects.UIController.doneButtonIsActive,gameObjects.UIController.promptIsActive,gameObjects.UIController.getReadyTextIsActive,gameObjects.UIController.timeTextIsActive,gameObjects.UIController.countdown,gameObjects.UIController.responceTime,gameObjects.UIController.isWaiting,gameObjects.UIController.isResponding,gameObjects.Loading.rotation,frameInfo.realtimeSinceStartup,frameInfo.timeSinceLevelLoad,frameInfo.unscaledDeltaTime
False,False,False,True,False,3.964689254760742,0,True,False,0,33.56122970581055,0,0.016596078872680664
False,False,False,True,False,3.9480931758880615,0,True,False,357,33.56450653076172,0,0.04076194763183594
False,False,False,True,False,3.931497097015381,0,True,False,354,33.566864013671875,0.019999999552965164,0.0023889541625976562
False,False,False,True,False,3.911497116088867,0,True,False,351,33.576744079589844,0.029180068522691727,0.009180068969726562
False,False,False,True,False,3.9023170471191406,0,True,False,348,33.59030532836914,0.04341508820652962,0.01423501968383789
False,False,False,True,False,3.8880820274353027,0,True,False,345,33.60710144042969,0.06021096184849739,0.016795873641967773
False,False,False,True,False,3.871286153793335,0,True,False,342,33.62358856201172,0.0767069011926651,0.016495943069458008
False,False,False,True,False,3.854790210723877,0,True,False,339,33.64022445678711,0.0933540016412735,0.0166471004486084
False,False,False,True,False,3.8381431102752686,0,True,False,336,33.65683364868164,0.10996104776859283,0.016607046127319336
False,False,False,True,False,3.821536064147949,0,True,False,333,33.67364501953125,0.1267690807580948,0.016808032989501953
False,False,False,True,False,3.8047280311584473,0,True,False,330,33.69026184082031,0.14339996874332428,0.016630887985229492
False,False,False,True,False,3.7880971431732178,0,True,False,327,33.70686721801758,0.1599900871515274,0.016590118408203125
False,False,False,True,False,3.7715070247650146,0,True,False,324,33.723812103271484,0.1769280582666397,0.016937971115112305
False,False,False,True,False,3.7545690536499023,0,True,False,321,33.740211486816406,0.19333697855472565,0.016408920288085938
False,False,False,True,False,3.7381601333618164,0,True,False,318,33.75687789916992,0.20999599993228912,0.016659021377563477
False,False,False,True,False,3.721501111984253,0,True,False,315,33.773651123046875,0.22675301134586334,0.01675701141357422
False,False,False,True,False,3.7047441005706787,0,True,False,312,33.790252685546875,0.24338389933109283,0.016630887985229492
False,False,False,True,False,3.688113212585449,0,True,False,309,33.80698013305664,0.26009300351142883,0.016709089279174805
False,False,False,True,False,3.6714041233062744,0,True,False,306,33.82402038574219,0.2766580879688263,0.01656508445739746
False,False,False,True,False,3.654839038848877,0,True,False,303,33.840293884277344,0.29342105984687805,0.016762971878051758
False,False,False,True,False,3.638076066970825,0,True,False,300,33.85684585571289,0.3099720776081085,0.01655101776123047
False,False,False,True,False,3.6215250492095947,0,True,False,297,33.87373733520508,0.32685402035713196,0.016881942749023438
False,False,False,True,False,3.6046431064605713,0,True,False,294,33.89040756225586,0.3434469997882843,0.016592979431152344
False,False,False,True,False,3.588050127029419,0,True,False,291,33.9069709777832,0.3600809872150421,0.016633987426757812
False,False,False,True,False,3.571416139602661,0,True,False,288,33.923583984375,0.3766970932483673,0.016616106033325195
False,False,False,True,False,3.554800033569336,0,True,False,285,33.94035720825195,0.39345505833625793,0.016757965087890625
False,False,False,True,False,3.5380420684814453,0,True,False,282,33.956939697265625,0.4100048840045929,0.01654982566833496
False,False,False,True,False,3.5214922428131104,0,True,False,279,33.973731994628906,0.42683103680610657,0.016826152801513672
False,False,False,True,False,3.5046660900115967,0,True,False,276,33.99021911621094,0.4433319866657257,0.01650094985961914
False,False,False,True,False,3.4881651401519775,0,True,False,273,34.00700378417969,0.4600999653339386,0.01676797866821289
False,False,False,True,False,3.4713971614837646,0,True,False,270,34.0235595703125,0.4766569435596466,0.016556978225708008
False,False,False,True,False,3.4548401832580566,0,True,False,267,34.04023361206055,0.49334099888801575,0.01668405532836914
False,False,False,True,False,3.4381561279296875,0,True,False,264,34.056758880615234,0.5098710060119629,0.01653003692626953
False,False,False,True,False,3.421626091003418,0,True,False,261,34.07492446899414,0.52783203125,0.01796102523803711
False,False,False,True,False,3.403665065765381,0,True,False,258,34.09030532836914,0.5433778762817383,0.015545845031738281
False,False,False,True,False,3.3881192207336426,0,True,False,255,34.1069450378418,0.560046911239624,0.016669034957885742
False,False,False,True,False,3.371450185775757,0,True,False,252,34.12370300292969,0.5766329765319824,0.0165860652923584
False,False,False,True,False,3.3548641204833984,0,True,False,249,34.140220642089844,0.593329906463623,0.016696929931640625
False,False,False,True,False,3.338167190551758,0,True,False,246,34.15684127807617,0.6099429130554199,0.016613006591796875
False,False,False,True,False,3.321554183959961,0,True,False,243,34.17353439331055,0.6265530586242676,0.016610145568847656
False,False,False,True,False,3.3049440383911133,0,True,False,240,34.19023132324219,0.6433429718017578,0.016789913177490234
False,False,False,True,False,3.288154125213623,0,True,False,237.00001525878906,34.20692825317383,0.6600120067596436,0.016669034957885742
False,False,False,True,False,3.2714850902557373,0,True,False,234,34.223453521728516,0.6765439510345459,0.016531944274902344
False,False,False,True,False,3.254953145980835,0,True,False,231,34.24006652832031,0.6931710243225098,0.016627073287963867
False,False,False,True,False,3.238326072692871,0,True,False,228.00001525878906,34.25684356689453,0.7099499702453613,0.016778945922851562
False,False,False,True,False,3.2215471267700195,0,True,False,225,34.27356719970703,0.7265698909759521,0.01661992073059082
False,False,False,True,False,3.2049272060394287,0,True,False,222,34.29018783569336,0.7433099746704102,0.016740083694458008
False,False,False,True,False,3.1881871223449707,0,True,False,219,34.306884765625,0.7599849700927734,0.01667499542236328
False,False,False,True,False,3.1715121269226074,0,True,False,216.00001525878906,34.32347106933594,0.7765820026397705,0.01659703254699707
False,False,False,True,False,3.1549150943756104,0,True,False,213,34.340065002441406,0.7931549549102783,0.016572952270507812
False,False,False,True,False,3.1383421421051025,0,True,False,210,34.35677719116211,0.8098599910736084,0.016705036163330078
False,False,False,True,False,3.1216371059417725,0,True,False,207,34.37346649169922,0.8264529705047607,0.016592979431152344
False,False,False,True,False,3.10504412651062,0,True,False,204,34.390140533447266,0.8432629108428955,0.016809940338134766
False,False,False,True,False,3.0882341861724854,0,True,False,201,34.40683364868164,0.8599328994750977,0.01666998863220215
False,False,False,True,False,3.071564197540283,0,True,False,198,34.42341232299805,0.8765149116516113,0.016582012176513672
False,False,False,True,False,3.0549821853637695,0,True,False,195,34.440128326416016,0.8932409286499023,0.016726016998291016
False,False,False,True,False,3.0382561683654785,0,True,False,192,34.45679473876953,0.9098968505859375,0.016655921936035156
False,False,False,True,False,3.0216002464294434,0,True,False,189.00001525878906,34.47345733642578,0.9264700412750244,0.016573190689086914
False,False,False,True,False,3.0050270557403564,0,True,False,186,34.490257263183594,0.9433460235595703,0.0168759822845459
False,False,False,True,False,2.9881510734558105,0,True,False,183,34.50682830810547,0.9599349498748779,0.016588926315307617
False,False,False,True,False,2.971562147140503,0,True,False,180,34.52339553833008,0.976499080657959,0.016564130783081055
False,False,False,True,False,2.954998016357422,0,True,False,177.00001525878906,34.54008865356445,0.9931979179382324,0.016698837280273438
False,False,False,True,False,2.9382991790771484,0,True,False,174.00001525878906,34.556671142578125,1.0097780227661133,0.01658010482788086
False,False,False,True,False,2.9217190742492676,0,True,False,171,34.57353973388672,1.0265529155731201,0.016774892807006836
False,False,False,True,False,2.9049441814422607,0,True,False,168,34.59001922607422,1.0431439876556396,0.01659107208251953
False,False,False,True,False,2.888353109359741,0,True,False,165.00001525878906,34.60667037963867,1.0597538948059082,0.016609907150268555
False,False,False,True,False,2.8717432022094727,0,True,False,162.00001525878906,34.62324142456055,1.0763559341430664,0.016602039337158203
False,False,False,True,False,2.8551411628723145,0,True,False,159,34.64046859741211,1.0934410095214844,0.01708507537841797
False,False,False,True,False,2.8380560874938965,0,True,False,156,34.65657424926758,1.1096820831298828,0.016241073608398438
False,False,False,True,False,2.821815013885498,0,True,False,153.00001525878906,34.67375564575195,1.1267709732055664,0.017088890075683594
False,False,False,True,False,2.8047261238098145,0,True,False,150.00001525878906,34.690032958984375,1.1431589126586914,0.016387939453125
False,False,False,True,False,2.7883381843566895,0,True,False,147,34.707130432128906,1.160094976425171,0.016936063766479492
False,False,False,True,False,2.77140212059021,0,True,False,144,34.72333908081055,1.1764519214630127,0.016356945037841797
False,False,False,True,False,2.755045175552368,0,True,False,141.00001525878906,34.73997497558594,1.1930789947509766,0.016627073287963867
False,False,False,True,False,2.7384181022644043,0,True,False,138.00001525878906,34.75669479370117,1.2098040580749512,0.01672506332397461
False,False,False,True,False,2.7216930389404297,0,True,False,135,34.773712158203125,1.2267088890075684,0.016904830932617188
False,False,False,True,False,2.7047882080078125,0,True,False,132,34.78995132446289,1.2430739402770996,0.01636505126953125
False,False,False,True,False,2.6884231567382812,0,True,False,129.00001525878906,34.806678771972656,1.2597849369049072,0.016710996627807617
False,False,False,True,False,2.6717121601104736,0,True,False,126.00001525878906,34.82319641113281,1.2763118743896484,0.01652693748474121
False,False,False,True,False,2.6551852226257324,0,True,False,123.00001525878906,34.840362548828125,1.2933859825134277,0.017074108123779297
False,False,False,True,False,2.638111114501953,0,True,False,120.00000762939453,34.85658645629883,1.3096940517425537,0.016308069229125977
False,False,False,True,False,2.621803045272827,0,True,False,117.00000762939453,34.873313903808594,1.3263299465179443,0.016635894775390625
False,False,False,True,False,2.6051671504974365,0,True,False,114.00000762939453,34.88993835449219,1.3430640697479248,0.01673412322998047
False,False,False,True,False,2.588433027267456,0,True,False,111.00000762939453,34.9069938659668,1.360002040863037,0.016937971115112305
False,False,False,True,False,2.5714950561523438,0,True,False,108.00000762939453,34.92320251464844,1.3763189315795898,0.016316890716552734
False,False,False,True,False,2.555178165435791,0,True,False,105.00001525878906,34.93982696533203,1.3929400444030762,0.016621112823486328
False,False,False,True,False,2.5385570526123047,0,True,False,102.00000762939453,34.95655822753906,1.4096729755401611,0.01673293113708496
False,False,False,True,False,2.5218241214752197,0,True,False,99.00001525878906,34.973697662353516,1.426461935043335,0.016788959503173828
False,False,False,True,False,2.505035161972046,0,True,False,96.00000762939453,34.98991775512695,1.443047046661377,0.016585111618041992
False,False,False,True,False,2.488450050354004,0,True,False,93.00000762939453,35.00657272338867,1.4596810340881348,0.016633987426757812
False,False,False,True,False,2.471816062927246,0,True,False,90.00000762939453,35.02603530883789,1.478471040725708,0.018790006637573242
False,False,False,True,False,2.453026056289673,0,True,False,87.00001525878906,35.03993606567383,1.493027925491333,0.014556884765625
False,False,False,True,False,2.438469171524048,0,True,False,84.00000762939453,35.056583404541016,1.509687900543213,0.016659975051879883
False,False,False,True,False,2.421809196472168,0,True,False,81.00001525878906,35.073081970214844,1.5261988639831543,0.016510963439941406
False,False,False,True,False,2.4052982330322266,0,True,False,78.00000762939453,35.08985900878906,1.5429749488830566,0.016776084899902344
False,False,False,True,False,2.388522148132324,0,True,False,75.00001525878906,35.10814666748047,1.5611438751220703,0.018168926239013672
False,False,False,True,False,2.3703532218933105,0,True,False,72.00000762939453,35.12311553955078,1.5762338638305664,0.015089988708496094
False,False,False,True,False,2.3552632331848145,0,True,False,69.00001525878906,35.13999938964844,1.5930778980255127,0.01684403419494629
False,False,False,True,False,2.338419198989868,0,True,False,66.00001525878906,35.156612396240234,1.6096959114074707,0.016618013381958008
False,False,False,True,False,2.32180118560791,0,True,False,63.00001907348633,35.17314910888672,1.6262340545654297,0.016538143157958984
False,False,False,True,False,2.305263042449951,0,True,False,60.000022888183594,35.189937591552734,1.6430349349975586,0.016800880432128906
False,False,False,True,False,2.2884621620178223,0,True,False,57.00001907348633,35.206642150878906,1.6597208976745605,0.016685962677001953
False,False,False,True,False,2.2717761993408203,0,True,False,54.00001907348633,35.22334671020508,1.6764318943023682,0.016710996627807617
False,False,False,True,False,2.2550652027130127,0,True,False,51.00001525878906,35.239830017089844,1.6929149627685547,0.016483068466186523
False,False,False,True,False,2.238582134246826,0,True,False,48.00001525878906,35.256473541259766,1.7095649242401123,0.016649961471557617
False,False,False,True,False,2.2219321727752686,0,True,False,45.00001525878906,35.27360534667969,1.7264940738677979,0.016929149627685547
False,False,False,True,False,2.205003023147583,0,True,False,42.00001525878906,35.2899169921875,1.7430150508880615,0.016520977020263672
False,False,False,True,False,2.1884820461273193,0,True,False,39.00001907348633,35.306640625,1.7597179412841797,0.016702890396118164
False,False,False,True,False,2.171779155731201,0,True,False,36.00001525878906,35.323265075683594,1.7763490676879883,0.016631126403808594
False,False,False,True,False,2.1551480293273926,0,True,False,33.00001907348633,35.33987045288086,1.792957067489624,0.016607999801635742
False,False,False,True,False,2.138540029525757,0,True,False,30.000019073486328,35.3565559387207,1.8096489906311035,0.016691923141479492
False,False,False,True,False,2.1218481063842773,0,True,False,27.000019073486328,35.373287200927734,1.8262560367584229,0.016607046127319336
False,False,False,True,False,2.105241060256958,0,True,False,24.000017166137695,35.38988494873047,1.8429899215698242,0.016733884811401367
False,False,False,True,False,2.0885071754455566,0,True,False,21.000017166137695,35.406497955322266,1.859605073928833,0.01661515235900879
False,False,False,True,False,2.071892023086548,0,True,False,18.000015258789062,35.42314529418945,1.876262903213501,0.01665782928466797
False,False,False,True,False,2.05523419380188,0,True,False,15.000016212463379,35.43973922729492,1.8928489685058594,0.0165860652923584
False,False,False,True,False,2.0386481285095215,0,True,False,12.000017166137695,35.456390380859375,1.9095070362091064,0.01665806770324707
False,False,False,True,False,2.0219900608062744,0,True,False,9.000016212463379,35.47301483154297,1.9261219501495361,0.016614913940429688
False,False,False,True,False,2.0053751468658447,0,True,False,6.000016689300537,35.48979187011719,1.942915916442871,0.01679396629333496
False,False,False,True,False,1.9885811805725098,0,True,False,3.000016212463379,35.50652313232422,1.9596319198608398,0.01671600341796875
False,False,False,True,False,1.971865177154541,0,True,False,1.625071672606282E-05,35.52295684814453,1.9760808944702148,0.016448974609375
False,False,False,True,False,1.955416202545166,0,True,False,357.0000305175781,35.539676666259766,1.992790937423706,0.01671004295349121
False,False,False,True,False,1.9387061595916748,0,True,False,354.0000305175781,35.556365966796875,2.009469985961914,0.016679048538208008
False,False,False,True,False,1.9220271110534668,0,True,False,351.0000305175781,35.573028564453125,2.0261359214782715,0.016665935516357422
False,False,False,True,False,1.9053611755371094,0,True,False,348.0000305175781,35.58980178833008,2.0429270267486572,0.016791105270385742
False,False,False,True,False,1.8885700702667236,0,True,False,345.0000305175781,35.60649490356445,2.059596061706543,0.016669034957885742
False,False,False,True,False,1.871901035308838,0,True,False,342,35.62321090698242,2.0763039588928223,0.016707897186279297
False,False,False,True,False,1.8551931381225586,0,True,False,339.0000305175781,35.639869689941406,2.0929529666900635,0.01664900779724121
False,False,False,True,False,1.8385441303253174,0,True,False,336.0000305175781,35.65637969970703,2.109473943710327,0.016520977020263672
False,False,False,True,False,1.8220231533050537,0,True,False,333.0000305175781,35.673397064208984,2.1262850761413574,0.016811132431030273
False,False,False,True,False,1.8052120208740234,0,True,False,330,35.6898078918457,2.142909049987793,0.016623973846435547
False,False,False,True,False,1.788588047027588,0,True,False,327,35.7066535949707,2.1597108840942383,0.016801834106445312
False,False,False,True,False,1.7717862129211426,0,True,False,324.0000305175781,35.72312927246094,2.1762149333953857,0.01650404930114746
False,False,False,True,False,1.7552821636199951,0,True,False,321,35.73967361450195,2.192784070968628,0.016569137573242188
False,False,False,True,False,1.738713026046753,0,True,False,318,35.756595611572266,2.209660053253174,0.0168759822845459
False,False,False,True,False,1.721837043762207,0,True,False,315,35.77314376831055,2.2262420654296875,0.016582012176513672
False,False,False,True,False,1.7052550315856934,0,True,False,312,35.78961944580078,2.242738962173462,0.016496896743774414
False,False,False,True,False,1.688758134841919,0,True,False,309,35.8063850402832,2.259492874145508,0.0167539119720459
False,False,False,True,False,1.672004222869873,0,True,False,306.0000305175781,35.82332992553711,2.2764270305633545,0.01693415641784668
False,False,False,True,False,1.6550700664520264,0,True,False,303.0000305175781,35.839534759521484,2.2926418781280518,0.016214847564697266
False,False,False,True,False,1.638855218887329,0,True,False,300.0000305175781,35.85621643066406,2.3093249797821045,0.016683101654052734
False,False,False,True,False,1.6221721172332764,0,True,False,297,35.87295150756836,2.3260579109191895,0.01673293113708496
False,False,False,True,False,1.6054391860961914,0,True,False,294,35.8896369934082,2.3427560329437256,0.016698122024536133
False,False,False,True,False,1.5887410640716553,0,True,False,291,35.90638732910156,2.359502077102661,0.016746044158935547
False,False,False,True,False,1.5719950199127197,0,True,False,288,35.92320251464844,2.3762810230255127,0.016778945922851562
False,False,False,True,False,1.5552160739898682,0,True,False,285.0000305175781,35.9395866394043,2.3926899433135986,0.016408920288085938
False,False,False,True,False,1.5388071537017822,0,True,False,282,35.95662307739258,2.4095358848571777,0.0168459415435791
False,False,False,True,False,1.5219612121582031,0,True,False,279.0000305175781,35.97312545776367,2.4261770248413086,0.01664113998413086
False,False,False,True,False,1.5053200721740723,0,True,False,276,35.989810943603516,2.442898988723755,0.01672196388244629
False,False,False,True,False,1.488598108291626,0,True,False,273,36.006439208984375,2.459512948989868,0.01661396026611328
False,False,False,True,False,1.4719841480255127,0,True,False,270,36.02320098876953,2.4762048721313477,0.016691923141479492
False,False,False,True,False,1.4552922248840332,0,True,False,267.0000305175781,36.03960418701172,2.4926910400390625,0.016486167907714844
False,False,False,True,False,1.4388060569763184,0,True,False,264.0000305175781,36.05630874633789,2.509413003921509,0.01672196388244629
False,False,False,True,False,1.422084093093872,0,True,False,261.0000305175781,36.07556915283203,2.5261800289154053,0.016767024993896484
False,False,False,True,False,1.4053170680999756,0,True,False,258.0000305175781,36.089962005615234,2.542922019958496,0.01674199104309082
False,False,False,True,False,1.3885750770568848,0,True,False,255.00003051757812,36.10663604736328,2.5596508979797363,0.016728878021240234
False,False,False,True,False,1.3718461990356445,0,True,False,252.00001525878906,36.12349319458008,2.57643985748291,0.016788959503173828
False,False,False,True,False,1.3550572395324707,0,True,False,249.00003051757812,36.13957214355469,2.5926830768585205,0.01624321937561035
False,False,False,True,False,1.3388140201568604,0,True,False,246.00003051757812,36.15633010864258,2.6094069480895996,0.0167238712310791
False,False,False,True,False,1.3220901489257812,0,True,False,243.00003051757812,36.172821044921875,2.625930070877075,0.016523122787475586
False,False,False,True,False,1.3055670261383057,0,True,False,240.00003051757812,36.18959045410156,2.6427180767059326,0.016788005828857422
False,False,False,True,False,1.2887790203094482,0,True,False,237.00003051757812,36.206172943115234,2.65927791595459,0.016559839248657227
False,False,False,True,False,1.272219181060791,0,True,False,234.00003051757812,36.222930908203125,2.676037073135376,0.016759157180786133
False,False,False,True,False,1.2554600238800049,0,True,False,231.00001525878906,36.23950958251953,2.6926159858703613,0.01657891273498535
False,False,False,True,False,1.2388811111450195,0,True,False,228.00001525878906,36.256221771240234,2.7093300819396973,0.016714096069335938
False,False,False,True,False,1.2221670150756836,0,True,False,225.00003051757812,36.27286911010742,2.7259838581085205,0.016653776168823242
False,False,False,True,False,1.2055132389068604,0,True,False,222.00001525878906,36.28961181640625,2.7427289485931396,0.01674509048461914
False,False,False,True,False,1.1887681484222412,0,True,False,219.00003051757812,36.30617904663086,2.7592899799346924,0.016561031341552734
False,False,False,True,False,1.1722071170806885,0,True,False,216.00001525878906,36.32303237915039,2.776057004928589,0.016767024993896484
False,False,False,True,False,1.155440092086792,0,True,False,213.00003051757812,36.33958435058594,2.7926859855651855,0.01662898063659668
False,False,False,True,False,1.1388111114501953,0,True,False,210.00003051757812,36.356258392333984,2.809293031692505,0.016607046127319336
False,False,False,True,False,1.122204065322876,0,True,False,207.00001525878906,36.3727912902832,2.825908899307251,0.016615867614746094
False,False,False,True,False,1.1055881977081299,0,True,False,204.00001525878906,36.38957977294922,2.842571973800659,0.016663074493408203
False,False,False,True,False,1.0889251232147217,0,True,False,201.00003051757812,36.40611267089844,2.8592240810394287,0.01665210723876953
False,False,False,True,False,1.0722730159759521,0,True,False,198.00003051757812,36.42274856567383,2.8758609294891357,0.01663684844970703
False,False,False,True,False,1.0556361675262451,0,True,False,195.00003051757812,36.439334869384766,2.8924460411071777,0.016585111618041992
False,False,False,True,False,1.0390510559082031,0,True,False,192.00001525878906,36.45608139038086,2.9091720581054688,0.016726016998291016
False,False,False,True,False,1.022325038909912,0,True,False,189.00003051757812,36.472721099853516,2.925827980041504,0.016655921936035156
False,False,False,True,False,1.005669116973877,0,True,False,186.00003051757812,36.48942565917969,2.942441940307617,0.01661396026611328
False,False,False,True,False,0.9890551567077637,0,True,False,183.00001525878906,36.50621795654297,2.959325075149536,0.016883134841918945
False,False,False,True,False,0.9721720218658447,0,True,False,180.00001525878906,36.522884368896484,2.975990056991577,0.016664981842041016
False,False,False,True,False,0.9555070400238037,0,True,False,177.00003051757812,36.53938674926758,2.992496967315674,0.01650691032409668
False,False,False,True,False,0.939000129699707,0,True,False,174.00003051757812,36.55602264404297,3.009139060974121,0.016642093658447266
False,False,False,True,False,0.9223580360412598,0,True,False,171.00003051757812,36.572757720947266,3.025857925415039,0.01671886444091797
False,False,False,True,False,0.9056391716003418,0,True,False,168.00003051757812,36.58942794799805,3.0424609184265137,0.01660299301147461
False,False,False,True,False,0.8890361785888672,0,True,False,165.00003051757812,36.606117248535156,3.0592288970947266,0.01676797866821289
False,False,False,True,False,0.8722681999206543,0,True,False,162.00003051757812,36.62278747558594,3.075900077819824,0.016671180725097656
False,False,False,True,False,0.8555970191955566,0,True,False,159.00003051757812,36.63936233520508,3.092474937438965,0.016574859619140625
False,False,False,True,False,0.839022159576416,0,True,False,156.00001525878906,36.65598678588867,3.1090800762176514,0.016605138778686523
False,False,False,True,False,0.8224170207977295,0,True,False,153.00003051757812,36.67262268066406,3.1257240772247314,0.016644001007080078
False,False,False,True,False,0.8057730197906494,0,True,False,150.00003051757812,36.689483642578125,3.1425058841705322,0.01678180694580078
False,False,False,True,False,0.7889912128448486,0,True,False,147.00003051757812,36.706172943115234,3.1592729091644287,0.016767024993896484
False,False,False,True,False,0.7722241878509521,0,True,False,144.00003051757812,36.72287368774414,3.1759750843048096,0.01670217514038086
False,False,False,True,False,0.7555220127105713,0,True,False,141.00003051757812,36.73931121826172,3.1924190521240234,0.016443967819213867
False,False,False,True,False,0.7390780448913574,0,True,False,138.00003051757812,36.755924224853516,3.209035873413086,0.0166168212890625
False,False,False,True,False,0.7224612236022949,0,True,False,135.00003051757812,36.77265930175781,3.22576904296875,0.016733169555664062
False,False,False,True,False,0.7057280540466309,0,True,False,132.00003051757812,36.789459228515625,3.242403984069824,0.01663494110107422
False,False,False,True,False,0.6890931129455566,0,True,False,129.00003051757812,36.80598068237305,3.2590889930725098,0.016685009002685547
False,False,False,True,False,0.6724081039428711,0,True,False,126.0000228881836,36.822845458984375,3.27593994140625,0.016850948333740234
False,False,False,True,False,0.6555571556091309,0,True,False,123.00003051757812,36.839317321777344,3.292433023452759,0.01649308204650879
False,False,False,True,False,0.6390640735626221,0,True,False,120.00003051757812,36.855918884277344,3.3090178966522217,0.01658487319946289
False,False,False,True,False,0.6224792003631592,0,True,False,117.0000228881836,36.87272644042969,3.3258378505706787,0.01681995391845703
False,False,False,True,False,0.6056592464447021,0,True,False,114.0000228881836,36.8898811340332,3.342864990234375,0.01702713966369629
False,False,False,True,False,0.5886321067810059,0,True,False,111.00003051757812,36.90602111816406,3.3591179847717285,0.016252994537353516
False,False,False,True,False,0.5723791122436523,0,True,False,108.00001525878906,36.92265319824219,3.375746965408325,0.01662898063659668
False,False,False,True,False,0.5557501316070557,0,True,False,105.0000228881836,36.9391975402832,3.3923048973083496,0.016557931900024414
False,False,False,True,False,0.5391921997070312,0,True,False,102.00001525878906,36.955848693847656,3.408961057662964,0.016656160354614258
False,False,False,True,False,0.522536039352417,0,True,False,99.0000228881836,36.97260665893555,3.4257168769836426,0.01675581932067871
False,False,False,True,False,0.5057802200317383,0,True,False,96.00001525878906,36.989280700683594,3.442309856414795,0.016592979431152344
False,False,False,True,False,0.48918724060058594,0,True,False,93.00001525878906,37.006004333496094,3.459104061126709,0.016794204711914062
False,False,False,True,False,0.4723930358886719,0,True,False,90.00001525878906,37.022674560546875,3.4757869243621826,0.016682863235473633
False,False,False,True,False,0.45571017265319824,0,True,False,87.0000228881836,37.039268493652344,3.492377996444702,0.01659107208251953
False,False,False,True,False,0.4391191005706787,0,True,False,84.0000228881836,37.05590057373047,3.5090088844299316,0.016630887985229492
False,False,False,True,False,0.4224882125854492,0,True,False,81.0000228881836,37.072635650634766,3.5257489681243896,0.016740083694458008
False,False,False,True,False,0.4057481288909912,0,True,False,78.0000228881836,37.089317321777344,3.5423190593719482,0.016570091247558594
False,False,False,True,False,0.3891780376434326,0,True,False,75.00003051757812,37.108028411865234,3.5590648651123047,0.016745805740356445
False,False,False,True,False,0.37243223190307617,0,True,False,72.00001525878906,37.12287139892578,3.5759310722351074,0.016866207122802734
False,False,False,True,False,0.35556602478027344,0,True,False,69.0000228881836,37.13920974731445,3.5923209190368652,0.016389846801757812
False,False,False,True,False,0.3391761779785156,0,True,False,66.0000228881836,37.1558952331543,3.6090080738067627,0.01668715476989746
False,False,False,True,False,0.32248902320861816,0,True,False,63.00002670288086,37.17259216308594,3.6257050037384033,0.016696929931640625
False,False,False,True,False,0.30579209327697754,0,True,False,60.000030517578125,37.18928527832031,3.642296075820923,0.01659107208251953
False,False,False,True,False,0.289201021194458,0,True,False,57.000030517578125,37.20599365234375,3.659101963043213,0.01680588722229004
False,False,False,True,False,0.27239513397216797,0,True,False,54.000030517578125,37.222686767578125,3.6757590770721436,0.016657114028930664
False,False,False,True,False,0.2557380199432373,0,True,False,51.00002670288086,37.239402770996094,3.692507028579712,0.01674795150756836
False,False,False,True,False,0.23899006843566895,0,True,False,48.000022888183594,37.25580978393555,3.7089128494262695,0.016405820846557617
False,False,False,True,False,0.22258424758911133,0,True,False,45.00002670288086,37.2725715637207,3.7256789207458496,0.016766071319580078
False,False,False,True,False,0.20581817626953125,0,True,False,42.00002670288086,37.28910446166992,3.7422330379486084,0.01655411720275879
False,False,False,True,False,0.18926405906677246,0,True,False,39.000030517578125,37.30615997314453,3.759265899658203,0.017032861709594727
False,False,False,True,False,0.17223119735717773,0,True,False,36.000030517578125,37.32292556762695,3.77592396736145,0.01665806770324707
False,False,False,True,False,0.15557312965393066,0,True,False,33.00002670288086,37.33915328979492,3.7922699451446533,0.016345977783203125
False,False,False,True,False,0.13922715187072754,0,True,False,30.000028610229492,37.35580062866211,3.8089048862457275,0.01663494110107422
False,False,False,True,False,0.12259221076965332,0,True,False,27.00002670288086,37.37295150756836,3.825984001159668,0.01707911491394043
False,False,False,True,False,0.10551309585571289,0,True,False,24.00002670288086,37.389129638671875,3.842258930206299,0.01627492904663086
False,False,False,True,False,0.08923816680908203,0,True,False,21.000028610229492,37.4058837890625,3.8590009212493896,0.01674199104309082
False,False,False,True,False,0.07249617576599121,0,True,False,18.00002670288086,37.422645568847656,3.8757479190826416,0.016746997833251953
False,False,False,True,False,0.05574917793273926,0,True,False,15.000025749206543,37.43946075439453,3.892535924911499,0.016788005828857422
False,False,False,True,False,0.038961172103881836,0,True,False,12.000025749206543,37.455726623535156,3.908841848373413,0.016305923461914062
False,False,False,True,False,0.022655248641967773,0,True,False,9.000025749206543,37.47248840332031,3.925600051879883,0.016758203506469727
False,False,False,True,False,0.005897045135498047,0,True,False,6.000025272369385,37.48915100097656,3.9422709941864014,0.016670942306518555
False,False,True,False,False,-0.010773897171020508,0,False,True,,37.50605392456055,3.959136962890625,0.016865968704223633
False,False,True,False,False,-0.010773897171020508,0.016865968704223633,False,True,,37.52266311645508,3.9757699966430664,0.016633033752441406
False,False,True,False,False,-0.010773897171020508,0.03349900245666504,False,True,,37.53907775878906,3.992203950881958,0.0164339542388916
False,False,True,False,False,-0.010773897171020508,0.04993295669555664,False,True,,37.555728912353516,4.008853912353516,0.016649961471557617
False,False,True,False,False,-0.010773897171020508,0.06658291816711426,False,True,,37.57230758666992,4.025419235229492,0.01656508445739746
False,False,True,False,False,-0.010773897171020508,0.08314800262451172,False,True,,37.58890914916992,4.042048931121826,0.016629934310913086
False,False,True,False,False,-0.010773897171020508,0.0997779369354248,False,True,,37.60576248168945,4.058891296386719,0.016842126846313477
False,False,True,False,False,-0.010773897171020508,0.11662006378173828,False,True,,37.622650146484375,4.075746059417725,0.01685500144958496
False,False,True,False,False,-0.010773897171020508,0.13347506523132324,False,True,,37.63980484008789,4.092638969421387,0.01689291000366211
False,False,True,False,False,-0.010773897171020508,0.15036797523498535,False,True,,37.65568923950195,4.108802318572998,0.016163110733032227
False,False,True,False,False,-0.010773897171020508,0.16653108596801758,False,True,,37.67262649536133,4.12571907043457,0.016916990280151367
False,False,True,False,False,-0.010773897171020508,0.18344807624816895,False,True,,37.68910598754883,4.142222881317139,0.01650381088256836
False,False,True,False,False,-0.010773897171020508,0.1999518871307373,False,True,,37.70600891113281,4.15907621383667,0.01685309410095215
False,False,True,False,False,-0.010773897171020508,0.21680498123168945,False,True,,37.72282791137695,4.175889015197754,0.016813039779663086
False,False,True,False,False,-0.010773897171020508,0.23361802101135254,False,True,,37.739078521728516,4.192193984985352,0.016304969787597656
False,False,True,False,False,-0.010773897171020508,0.2499229907989502,False,True,,37.75556182861328,4.208674907684326,0.01648092269897461
False,False,True,False,False,-0.010773897171020508,0.2664039134979248,False,True,,37.77233123779297,4.225452899932861,0.016777992248535156
False,False,True,False,False,-0.010773897171020508,0.28318190574645996,False,True,,37.78898620605469,4.242125988006592,0.01667308807373047
False,False,True,False,False,-0.010773897171020508,0.29985499382019043,False,True,,37.80570983886719,4.258823871612549,0.01669788360595703
False,False,True,False,False,-0.010773897171020508,0.31655287742614746,False,True,,37.82247543334961,4.2755889892578125,0.016765117645263672
False,False,True,False,False,-0.010773897171020508,0.33331799507141113,False,True,,37.83905029296875,4.292148113250732,0.01655888557434082
False,False,True,False,False,-0.010773897171020508,0.34987688064575195,False,True,,37.85559844970703,4.30872106552124,0.016573190689086914
False,False,True,False,False,-0.010773897171020508,0.36645007133483887,False,True,,37.87236785888672,4.325494289398193,0.016772985458374023
False,False,True,False,False,-0.010773897171020508,0.3832230567932129,False,True,,37.889041900634766,4.342113971710205,0.01661992073059082
True,True,False,False,True,-0.010773897171020508,0.3998429775238037,False,False,,37.905738830566406,4.358834266662598,0.016720056533813477
True,True,False,False,True,-0.010773897171020508,0.3998429775238037,False,False,,37.922515869140625,4.375616073608398,0.016782045364379883
True,True,False,False,True,-0.010773897171020508,0.3998429775238037,False,False,,37.93902587890625,4.392074108123779,0.016457796096801758
True,True,False,False,True,-0.010773897171020508,0.3998429775238037,False,False,,37.9555549621582,4.408659934997559,0.0165860652923584
True,True,False,False,True,-0.010773897171020508,0.3998429775238037,False,False,,37.97232437133789,4.425437927246094,0.016777992248535156
True,True,False,False,True,-0.010773897171020508,0.3998429775238037,False,False,,37.988929748535156,4.442058086395264,0.01661992073059082
True,True,False,False,True,-0.010773897171020508,0.3998429775238037,False,False,,38.00567626953125,4.458763122558594,0.016705036163330078
True,True,False,False,True,-0.010773897171020508,0.3998429775238037,False,False,,38.02238082885742,4.475434303283691,0.016671180725097656
True,True,False,False,True,-0.010773897171020508,0.3998429775238037,False,False,,38.03892135620117,4.492033004760742,0.016598939895629883
True,True,False,False,True,-0.010773897171020508,0.3998429775238037,False,False,,38.055572509765625,4.508683204650879,0.016649961471557617
True,True,False,False,True,-0.010773897171020508,0.3998429775238037,False,False,,38.072235107421875,4.5253520011901855,0.016669034957885742
True,True,False,False,True,-0.010773897171020508,0.3998429775238037,False,False,,38.08885955810547,4.541991233825684,0.016638994216918945
True,True,False,False,True,-0.010773897171020508,0.3998429775238037,False,False,,38.105655670166016,4.558761119842529,0.016769886016845703
True,True,False,False,True,-0.010773897171020508,0.3998429775238037,False,False,,38.1226692199707,4.575713157653809,0.016952037811279297
True,True,False,False,True,-0.010773897171020508,0.3998429775238037,False,False,,38.13897705078125,4.592092037200928,0.016379117965698242
True,True,False,False,True,-0.010773897171020508,0.3998429775238037,False,False,,38.155494689941406,4.608610153198242,0.01651787757873535
True,True,False,False,True,-0.010773897171020508,0.3998429775238037,False,False,,38.17219161987305,4.625300884246826,0.016690969467163086
True,True,False,False,True,-0.010773897171020508,0.3998429775238037,False,False,,38.18944549560547,4.642280101776123,0.016978979110717773
True,True,False,False,True,-0.010773897171020508,0.3998429775238037,False,False,,38.2055778503418,4.658689975738525,0.016410112380981445
True,True,False,False,True,-0.010773897171020508,0.3998429775238037,False,False,,38.22248840332031,4.675576210021973,0.016885995864868164
True,True,False,False,True,-0.010773897171020508,0.3998429775238037,False,False,,38.23890686035156,4.692024230957031,0.016448020935058594
True,True,False,False,True,-0.010773897171020508,0.3998429775238037,False,False,,38.255615234375,4.708718299865723,0.016694068908691406
True,True,False,False,True,-0.010773897171020508,0.3998429775238037,False,False,,38.27238845825195,4.725497245788574,0.016778945922851562
True,True,False,False,True,-0.010773897171020508,0.3998429775238037,False,False,,38.28886032104492,4.741986274719238,0.016489028930664062
True,True,False,False,True,-0.010773897171020508,0.3998429775238037,False,False,,38.30552673339844,4.758537292480469,0.01655101776123047
True,True,False,False,True,-0.010773897171020508,0.3998429775238037,False,False,,38.32249069213867,4.775547027587891,0.017009973526000977
True,True,False,False,True,-0.010773897171020508,0.3998429775238037,False,False,,38.33879852294922,4.7919111251831055,0.016363859176635742
True,True,False,False,True,-0.010773897171020508,0.3998429775238037,False,False,,38.35547637939453,4.808585166931152,0.016674041748046875
True,True,False,False,True,-0.010773897171020508,0.3998429775238037,False,False,,38.372196197509766,4.825322151184082,0.016736984252929688
True,True,False,False,True,-0.010773897171020508,0.3998429775238037,False,False,,38.388877868652344,4.84197998046875,0.01665806770324707
True,True,False,False,True,-0.010773897171020508,0.3998429775238037,False,False,,38.40562438964844,4.858725070953369,0.01674509048461914
True,True,False,False,True,-0.010773897171020508,0.3998429775238037,False,False,,38.422386169433594,4.875502109527588,0.01677680015563965
True,True,False,False,True,-0.010773897171020508,0.3998429775238037,False,False,,38.43891525268555,4.892031192779541,0.016529083251953125
True,True,False,False,True,-0.010773897171020508,0.3998429775238037,False,False,,38.45543670654297,4.908536911010742,0.016505956649780273
True,True,False,False,True,-0.010773897171020508,0.3998429775238037,False,False,,38.472084045410156,4.925201892852783,0.016664981842041016
True,True,False,False,True,-0.010773897171020508,0.3998429775238037,False,False,,38.48891830444336,4.942028045654297,0.016826152801513672
True,True,False,False,True,-0.010773897171020508,0.3998429775238037,False,False,,38.50567626953125,4.958765029907227,0.016736984252929688
True,True,False,False,True,-0.010773897171020508,0.3998429775238037,False,False,,38.522560119628906,4.975550174713135,0.0167849063873291
True,True,False,False,True,-0.010773897171020508,0.3998429775238037,False,False,,38.5389404296875,4.992034912109375,0.016484975814819336
True,True,False,False,True,-0.010773897171020508,0.3998429775238037,False,False,,38.55553436279297,5.008629322052002,0.01659417152404785
True,True,False,False,True,-0.010773897171020508,0.3998429775238037,False,False,,38.572208404541016,5.025328159332275,0.016698837280273438
True,True,False,False,True,-0.010773897171020508,0.3998429775238037,False,False,,38.58875274658203,5.041872978210449,0.01654505729675293
True,True,False,False,True,-0.010773897171020508,0.3998429775238037,False,False,,38.60554885864258,5.05854606628418,0.01667308807373047
True,True,False,False,True,-0.010773897171020508,0.3998429775238037,False,False,,38.622283935546875,5.075376033782959,0.016829967498779297
True,True,False,False,True,-0.010773897171020508,0.3998429775238037,False,False,,38.63898849487305,5.092081069946289,0.016705036163330078
True,True,False,False,True,-0.010773897171020508,0.3998429775238037,False,False,,38.65544128417969,5.10856294631958,0.016481876373291016
True,True,False,False,True,-0.010773897171020508,0.3998429775238037,False,False,,38.67200469970703,5.125129222869873,0.016566038131713867
True,True,False,False,True,-0.010773897171020508,0.3998429775238037,False,False,,38.68864440917969,5.141776084899902,0.016646862030029297
True,True,False,False,True,-0.010773897171020508,0.3998429775238037,False,False,,38.7054557800293,5.158482074737549,0.016706228256225586
True,True,False,False,True,-0.010773897171020508,0.3998429775238037,False,False,,38.722103118896484,5.175224304199219,0.01674199104309082
True,True,False,False,True,-0.010773897171020508,0.3998429775238037,False,False,,38.7386589050293,5.191772937774658,0.016548871994018555
True,True,False,False,True,-0.010773897171020508,0.3998429775238037,False,False,,38.75537109375,5.208486080169678,0.01671314239501953
True,True,False,False,True,-0.010773897171020508,0.3998429775238037,False,False,,38.77204513549805,5.22516393661499,0.0166778564453125
True,True,False,False,True,-0.010773897171020508,0.3998429775238037,False,False,,38.788726806640625,5.2418599128723145,0.01669597625732422
True,True,False,False,True,-0.010773897171020508,0.3998429775238037,False,False,,38.805580139160156,5.258571147918701,0.016710996627807617
True,True,False,False,True,-0.010773897171020508,0.3998429775238037,False,False,,38.822021484375,5.275137901306152,0.016566991806030273
True,True,False,False,True,-0.010773897171020508,0.3998429775238037,False,False,,38.8387451171875,5.291861057281494,0.016723155975341797
True,True,False,False,True,-0.010773897171020508,0.3998429775238037,False,False,,38.8552360534668,5.308357238769531,0.016495943069458008
True,True,False,False,True,-0.010773897171020508,0.3998429775238037,False,False,,38.87202072143555,5.325139045715332,0.016782045364379883
True,True,False,False,True,-0.010773897171020508,0.3998429775238037,False,False,,38.8885383605957,5.341668128967285,0.016528844833374023
True,True,False,False,True,-0.010773897171020508,0.3998429775238037,False,False,,38.90540313720703,5.358401298522949,0.016733169555664062
True,True,False,False,True,-0.010773897171020508,0.3998429775238037,False,False,,38.921966552734375,5.375079154968262,0.0166778564453125
True,True,False,False,True,-0.010773897171020508,0.3998429775238037,False,False,,38.938697814941406,5.391819953918457,0.016741037368774414
True,True,False,False,True,-0.010773897171020508,0.3998429775238037,False,False,,38.95529556274414,5.408412933349609,0.016592979431152344
True,True,False,False,True,-0.010773897171020508,0.3998429775238037,False,False,,38.97196578979492,5.425076961517334,0.01666402816772461
True,True,False,False,True,-0.010773897171020508,0.3998429775238037,False,False,,38.98866653442383,5.441802024841309,0.01672506332397461
True,True,False,False,True,-0.010773897171020508,0.3998429775238037,False,False,,39.00568389892578,5.458509922027588,0.016707897186279297
True,True,False,False,True,-0.010773897171020508,0.3998429775238037,False,False,,39.02195739746094,5.475074291229248,0.016564130783081055
True,True,False,False,True,-0.010773897171020508,0.3998429775238037,False,False,,39.038604736328125,5.491714954376221,0.016640901565551758
True,True,False,False,True,-0.010773897171020508,0.3998429775238037,False,False,,39.05518341064453,5.508298873901367,0.016583919525146484
True,True,False,False,True,-0.010773897171020508,0.3998429775238037,False,False,,39.07463836669922,5.527595043182373,0.01929616928100586
True,True,False,False,True,-0.010773897171020508,0.3998429775238037,False,False,,39.08900451660156,5.542104244232178,0.014508962631225586
True,True,False,False,True,-0.010773897171020508,0.3998429775238037,False,False,,39.10532760620117,5.558395862579346,0.01629185676574707
True,True,False,False,True,-0.010773897171020508,0.3998429775238037,False,False,,39.121864318847656,5.574981212615967,0.016585111618041992
True,True,False,False,True,-0.010773897171020508,0.3998429775238037,False,False,,39.138710021972656,5.591821193695068,0.016839981079101562
True,True,False,False,True,-0.010773897171020508,0.3998429775238037,False,False,,39.15620803833008,5.60913610458374,0.017314910888671875
True,True,False,False,True,-0.010773897171020508,0.3998429775238037,False,False,,39.171932220458984,5.6250152587890625,0.015879154205322266
True,True,False,False,True,-0.010773897171020508,0.3998429775238037,False,False,,39.18860626220703,5.64174222946167,0.016726970672607422
True,True,False,False,True,-0.010773897171020508,0.3998429775238037,False,False,,39.20531463623047,5.6583452224731445,0.01660299301147461
True,True,False,False,True,-0.010773897171020508,0.3998429775238037,False,False,,39.222023010253906,5.675133228302002,0.016788005828857422
True,True,False,False,True,-0.010773897171020508,0.3998429775238037,False,False,,39.23865509033203,5.691770076751709,0.016637086868286133
True,True,False,False,True,-0.010773897171020508,0.3998429775238037,False,False,,39.25514602661133,5.708242893218994,0.016472816467285156
True,True,False,False,True,-0.010773897171020508,0.3998429775238037,False,False,,39.2720832824707,5.725144863128662,0.01690196990966797
True,True,False,False,True,-0.010773897171020508,0.3998429775238037,False,False,,39.28868865966797,5.741812229156494,0.01666712760925293
True,True,False,False,True,-0.010773897171020508,0.3998429775238037,False,False,,39.305137634277344,5.758254051208496,0.016442060470581055
True,True,False,False,True,-0.010773897171020508,0.3998429775238037,False,False,,39.3219108581543,5.775024890899658,0.01677083969116211
True,True,False,False,True,-0.010773897171020508,0.3998429775238037,False,False,,39.33887481689453,5.7919158935546875,0.016891002655029297
True,True,False,False,True,-0.010773897171020508,0.3998429775238037,False,False,,39.35545349121094,5.8085479736328125,0.016632080078125
True,True,False,False,True,-0.010773897171020508,0.3998429775238037,False,False,,39.37191390991211,5.825007915496826,0.016459941864013672
True,True,False,False,True,-0.010773897171020508,0.3998429775238037,False,False,,39.38846206665039,5.841587066650391,0.016579151153564453
True,True,False,False,True,-0.010773897171020508,0.3998429775238037,False,False,,39.40507888793945,5.8581953048706055,0.016607999801635742
True,True,False,False,True,-0.010773897171020508,0.3998429775238037,False,False,,39.42195510864258,5.875064849853516,0.016869783401489258
True,True,False,False,True,-0.010773897171020508,0.3998429775238037,False,False,,39.43841552734375,5.891540050506592,0.016475200653076172
True,True,False,False,True,-0.010773897171020508,0.3998429775238037,False,False,,39.45518112182617,5.908286094665527,0.016745805740356445
True,True,False,False,True,-0.010773897171020508,0.3998429775238037,False,False,,39.47182846069336,5.924947261810303,0.01666116714477539
True,True,False,False,True,-0.010773897171020508,0.3998429775238037,False,False,,39.48844528198242,5.941576957702637,0.016629934310913086
True,True,False,False,True,-0.010773897171020508,0.3998429775238037,False,False,,39.5051155090332,5.958226203918457,0.01664900779724121
True,True,False,False,True,-0.010773897171020508,0.3998429775238037,False,False,,39.52196502685547,5.97508430480957,0.01685810089111328
True,True,False,False,True,-0.010773897171020508,0.3998429775238037,False,False,,39.53937530517578,5.992082118988037,0.016997814178466797
True,True,False,False,True,-0.010773897171020508,0.3998429775238037,False,False,,39.555458068847656,6.008551120758057,0.01646900177001953
True,True,False,False,True,-0.010773897171020508,0.3998429775238037,False,False,,39.572025299072266,6.025106906890869,0.0165560245513916
True,True,False,False,True,-0.010773897171020508,0.3998429775238037,False,False,,39.5885009765625,6.041623115539551,0.01651597023010254
True,True,False,False,True,-0.010773897171020508,0.3998429775238037,False,False,,39.60501480102539,6.058131217956543,0.016508102416992188
True,True,False,False,True,-0.010773897171020508,0.3998429775238037,False,False,,39.62211990356445,6.075170040130615,0.017039060592651367
True,True,False,False,True,-0.010773897171020508,0.3998429775238037,False,False,,39.63846969604492,6.091588973999023,0.016418933868408203
True,True,False,False,True,-0.010773897171020508,0.3998429775238037,False,False,,39.65517807006836,6.1082868576049805,0.01669788360595703
True,True,False,False,True,-0.010773897171020508,0.3998429775238037,False,False,,39.671871185302734,6.124975204467773,0.016688108444213867
True,True,False,False,True,-0.010773897171020508,0.3998429775238037,False,False,,39.68868637084961,6.141735076904297,0.01676011085510254
True,True,False,False,True,-0.010773897171020508,0.3998429775238037,False,False,,39.705055236816406,6.158168315887451,0.016433000564575195
True,True,False,False,True,-0.010773897171020508,0.3998429775238037,False,False,,39.72179412841797,6.174905300140381,0.016736984252929688
True,True,False,False,True,-0.010773897171020508,0.3998429775238037,False,False,,39.73844528198242,6.1915602684021,0.01665496826171875
True,True,False,False,True,-0.010773897171020508,0.3998429775238037,False,False,,39.755035400390625,6.208126068115234,0.016566038131713867
True,True,False,False,True,-0.010773897171020508,0.3998429775238037,False,False,,39.77183151245117,6.224943161010742,0.01681685447692871
True,True,False,False,True,-0.010773897171020508,0.3998429775238037,False,False,,39.78841781616211,6.241550922393799,0.016607999801635742
True,True,False,False,True,-0.010773897171020508,0.3998429775238037,False,False,,39.80499267578125,6.258105278015137,0.01655411720275879
True,True,False,False,True,-0.010773897171020508,0.3998429775238037,False,False,,39.82182693481445,6.274942874908447,0.01683783531188965
True,True,False,False,True,-0.010773897171020508,0.3998429775238037,False,False,,39.83835983276367,6.29148006439209,0.016537189483642578
True,True,False,False,True,-0.010773897171020508,0.3998429775238037,False,False,,39.85507583618164,6.308197021484375,0.016716957092285156
True,True,False,False,True,-0.010773897171020508,0.3998429775238037,False,False,,39.871826171875,6.324939250946045,0.01674199104309082
True,True,False,False,True,-0.010773897171020508,0.3998429775238037,False,False,,39.88833236694336,6.341466903686523,0.016527891159057617
True,True,False,False,True,-0.010773897171020508,0.3998429775238037,False,False,,39.90494155883789,6.358058929443359,0.016592025756835938
True,True,False,False,True,-0.010773897171020508,0.3998429775238037,False,False,,39.92169189453125,6.374803066253662,0.016744136810302734
True,True,False,False,True,-0.010773897171020508,0.3998429775238037,False,False,,39.93831253051758,6.391427993774414,0.016624927520751953
True,True,False,False,True,-0.010773897171020508,0.3998429775238037,False,False,,39.955020904541016,6.408132076263428,0.016704082489013672
True,True,False,False,True,-0.010773897171020508,0.3998429775238037,False,False,,39.97175598144531,6.424871921539307,0.016739845275878906
True,True,False,False,True,-0.010773897171020508,0.3998429775238037,False,False,,39.9882698059082,6.441396236419678,0.016524076461791992
True,True,False,False,True,-0.010773897171020508,0.3998429775238037,False,False,,40.00493621826172,6.458057880401611,0.016661882400512695
True,True,False,False,True,-0.010773897171020508,0.3998429775238037,False,False,,40.02180862426758,6.474917888641357,0.016860008239746094
True,True,False,False,True,-0.010773897171020508,0.3998429775238037,False,False,,40.03827667236328,6.491389274597168,0.016471147537231445
True,True,False,False,True,-0.010773897171020508,0.3998429775238037,False,False,,40.054893493652344,6.508012294769287,0.01662302017211914
True,True,False,False,True,-0.010773897171020508,0.3998429775238037,False,False,,40.07169723510742,6.5248332023620605,0.016820907592773438
True,True,False,False,True,-0.010773897171020508,0.3998429775238037,False,False,,40.08829116821289,6.541400909423828,0.01656794548034668
True,True,False,False,True,-0.010773897171020508,0.3998429775238037,False,False,,40.10493469238281,6.558047294616699,0.016646146774291992
True,True,False,False,True,-0.010773897171020508,0.3998429775238037,False,False,,40.12162780761719,6.574742317199707,0.016695022583007812
True,True,False,False,True,-0.010773897171020508,0.3998429775238037,False,False,,40.13833236694336,6.59144926071167,0.01670694351196289
True,True,False,False,True,-0.010773897171020508,0.3998429775238037,False,False,,40.154991149902344,6.608087062835693,0.01663804054260254
True,True,False,False,True,-0.010773897171020508,0.3998429775238037,False,False,,40.17166519165039,6.624785900115967,0.016698837280273438
True,True,False,False,True,-0.010773897171020508,0.3998429775238037,False,False,,40.18832778930664,6.641448020935059,0.016662120819091797
True,True,False,False,True,-0.010773897171020508,0.3998429775238037,False,False,,40.204986572265625,6.658092975616455,0.016644954681396484
True,True,False,False,True,-0.010773897171020508,0.3998429775238037,False,False,,40.2215461730957,6.67466402053833,0.016571044921875
True,True,False,False,True,-0.010773897171020508,0.3998429775238037,False,False,,40.23822021484375,6.691336154937744,0.01667189598083496
True,True,False,False,True,-0.010773897171020508,0.3998429775238037,False,False,,40.254844665527344,6.707942008972168,0.01660609245300293
True,True,False,False,True,-0.010773897171020508,0.3998429775238037,False,False,,40.271705627441406,6.724821090698242,0.016878843307495117
True,True,False,False,True,-0.010773897171020508,0.3998429775238037,False,False,,40.28822326660156,6.741343975067139,0.016523122787475586
True,True,False,False,True,-0.010773897171020508,0.3998429775238037,False,False,,40.30495071411133,6.75803804397583,0.016694068908691406
True,True,False,False,True,-0.010773897171020508,0.3998429775238037,False,False,,40.321678161621094,6.774785995483398,0.01674795150756836
True,True,False,False,True,-0.010773897171020508,0.3998429775238037,False,False,,40.33859634399414,6.791662216186523,0.0168759822845459
True,True,False,False,True,-0.010773897171020508,0.3998429775238037,False,False,,40.35487747192383,6.807991027832031,0.016329050064086914
True,True,False,False,True,-0.010773897171020508,0.3998429775238037,False,False,,40.37193298339844,6.824966907501221,0.016975879669189453
True,True,False,False,True,-0.010773897171020508,0.3998429775238037,False,False,,40.3883056640625,6.841426849365234,0.016459941864013672
True,True,False,False,True,-0.010773897171020508,0.3998429775238037,False,False,,40.405086517333984,6.858191967010498,0.016765117645263672
True,True,False,False,True,-0.010773897171020508,0.3998429775238037,False,False,,40.42168426513672,6.8747968673706055,0.016604900360107422
True,True,False,False,True,-0.010773897171020508,0.3998429775238037,False,False,,40.438289642333984,6.891412258148193,0.01661515235900879
True,True,False,False,True,-0.010773897171020508,0.3998429775238037,False,False,,40.45491409301758,6.9080400466918945,0.016628026962280273
True,True,False,False,True,-0.010773897171020508,0.3998429775238037,False,False,,40.471492767333984,6.924612998962402,0.016572952270507812
True,True,False,False,True,-0.010773897171020508,0.3998429775238037,False,False,,40.48826599121094,6.941397190093994,0.016783952713012695
True,True,False,False,True,-0.010773897171020508,0.3998429775238037,False,False,,40.50477981567383,6.957913875579834,0.016516923904418945
True,True,False,False,True,-0.010773897171020508,0.3998429775238037,False,False,,40.52153396606445,6.974576950073242,0.016663074493408203
True,True,False,False,True,-0.010773897171020508,0.3998429775238037,False,False,,40.538238525390625,6.991360187530518,0.01678299903869629
True,True,False,False,True,-0.010773897171020508,0.3998429775238037,False,False,,40.55486297607422,7.007995128631592,0.01663494110107422
True,True,False,False,True,-0.010773897171020508,0.3998429775238037,False,False,,40.57143783569336,7.0245680809021,0.016573190689086914
True,True,False,False,True,-0.010773897171020508,0.3998429775238037,False,False,,40.58829116821289,7.041423320770264,0.01685500144958496
True,True,False,False,True,-0.010773897171020508,0.3998429775238037,False,False,,40.60560607910156,7.058126926422119,0.01670384407043457
True,True,False,False,True,-0.010773897171020508,0.3998429775238037,False,False,,40.62151336669922,7.074538230895996,0.01641106605529785
True,True,False,False,True,-0.010773897171020508,0.3998429775238037,False,False,,40.638160705566406,7.09126615524292,0.016727924346923828
True,True,False,False,True,-0.010773897171020508,0.3998429775238037,False,False,,40.65488815307617,7.107997894287109,0.016731977462768555
True,True,False,False,True,-0.010773897171020508,0.3998429775238037,False,False,,40.67149353027344,7.124608993530273,0.016611099243164062
True,True,False,False,True,-0.010773897171020508,0.3998429775238037,False,False,,40.68812561035156,7.141213893890381,0.016604900360107422
True,True,False,False,True,-0.010773897171020508,0.3998429775238037,False,False,,40.704681396484375,7.157792091369629,0.016577959060668945
True,True,False,False,True,-0.010773897171020508,0.3998429775238037,False,False,,40.721458435058594,7.174479007720947,0.01668715476989746
True,True,False,False,True,-0.010773897171020508,0.3998429775238037,False,False,,40.73810577392578,7.191211223602295,0.016731977462768555
True,True,False,False,True,-0.010773897171020508,0.3998429775238037,False,False,,40.754764556884766,7.207871913909912,0.01666092872619629
True,True,False,False,True,-0.010773897171020508,0.3998429775238037,False,False,,40.77135467529297,7.224480152130127,0.016607999801635742
True,True,False,False,True,-0.010773897171020508,0.3998429775238037,False,False,,40.7880859375,7.24112606048584,0.016646146774291992
True,True,False,False,True,-0.010773897171020508,0.3998429775238037,False,False,,40.80471420288086,7.257819175720215,0.0166928768157959
True,True,False,False,True,-0.010773897171020508,0.3998429775238037,False,False,,40.821441650390625,7.274460315704346,0.01664113998413086
True,True,False,False,True,-0.010773897171020508,0.3998429775238037,False,False,,40.838104248046875,7.2912139892578125,0.0167539119720459
True,True,False,False,True,-0.010773897171020508,0.3998429775238037,False,False,,40.854698181152344,7.307801246643066,0.016587018966674805
True,True,False,False,True,-0.010773897171020508,0.3998429775238037,False,False,,40.87137985229492,7.324488162994385,0.01668691635131836
True,True,False,False,True,-0.010773897171020508,0.3998429775238037,False,False,,40.888065338134766,7.3411359786987305,0.016648054122924805
True,True,False,False,True,-0.010773897171020508,0.3998429775238037,False,False,,40.90467071533203,7.357767105102539,0.016630887985229492
True,True,False,False,True,-0.010773897171020508,0.3998429775238037,False,False,,40.921470642089844,7.374485969543457,0.01671910285949707
True,True,False,False,True,-0.010773897171020508,0.3998429775238037,False,False,,40.93815231323242,7.391257286071777,0.01677107810974121
True,True,False,False,True,-0.010773897171020508,0.3998429775238037,False,False,,40.95465850830078,7.407762050628662,0.016505002975463867
True,True,False,False,True,-0.010773897171020508,0.3998429775238037,False,False,,40.971378326416016,7.424504280090332,0.01674199104309082
True,True,False,False,True,-0.010773897171020508,0.3998429775238037,False,False,,40.98809051513672,7.441189289093018,0.016685009002685547
True,True,False,False,True,-0.010773897171020508,0.3998429775238037,False,False,,41.00469207763672,7.457772254943848,0.016582965850830078
True,True,False,False,True,-0.010773897171020508,0.3998429775238037,False,False,,41.021488189697266,7.474493026733398,0.016721010208129883
True,True,False,False,True,-0.010773897171020508,0.3998429775238037,False,False,,41.0382194519043,7.49130916595459,0.016815900802612305
True,True,False,False,True,-0.010773897171020508,0.3998429775238037,False,False,,41.05474090576172,7.507843017578125,0.016534090042114258
True,True,False,False,True,-0.010773897171020508,0.3998429775238037,False,False,,41.07127380371094,7.524394989013672,0.016551971435546875
True,True,False,False,True,-0.010773897171020508,0.3998429775238037,False,False,,41.088096618652344,7.541182994842529,0.016788005828857422
True,True,False,False,True,-0.010773897171020508,0.3998429775238037,False,False,,41.104366302490234,7.55747127532959,0.016288042068481445
True,True,False,False,True,-0.010773897171020508,0.3998429775238037,False,False,,41.121421813964844,7.574389934539795,0.01691889762878418
True,True,False,False,True,-0.010773897171020508,0.3998429775238037,False,False,,41.13811492919922,7.59120512008667,0.0168149471282959
True,True,False,False,True,-0.010773897171020508,0.3998429775238037,False,False,,41.15470504760742,7.6078081130981445,0.01660299301147461
True,True,False,False,True,-0.010773897171020508,0.3998429775238037,False,False,,41.17133331298828,7.624449253082275,0.01664113998413086
True,True,False,False,True,-0.010773897171020508,0.3998429775238037,False,False,,41.18792724609375,7.641026973724365,0.016577959060668945
True,True,False,False,True,-0.010773897171020508,0.3998429775238037,False,False,,41.20457077026367,7.657677173614502,0.016649961471557617
True,True,False,False,True,-0.010773897171020508,0.3998429775238037,False,False,,41.22138595581055,7.674373149871826,0.01669597625732422
True,True,False,False,True,-0.010773897171020508,0.3998429775238037,False,False,,41.237979888916016,7.691091060638428,0.016718149185180664
True,True,False,False,True,-0.010773897171020508,0.3998429775238037,False,False,,41.25471115112305,7.707817077636719,0.016726016998291016
True,True,False,False,True,-0.010773897171020508,0.3998429775238037,False,False,,41.27115249633789,7.724282264709473,0.016464948654174805
True,True,False,False,True,-0.010773897171020508,0.3998429775238037,False,False,,41.28779983520508,7.740912914276123,0.016630887985229492
True,True,False,False,True,-0.010773897171020508,0.3998429775238037,False,False,,41.304569244384766,7.757681846618652,0.016768932342529297
True,True,False,False,True,-0.010773897171020508,0.3998429775238037,False,False,,41.321266174316406,7.774317264556885,0.01663517951965332
True,True,False,False,True,-0.010773897171020508,0.3998429775238037,False,False,,41.33802795410156,7.791123867034912,0.016806840896606445
True,True,False,False,True,-0.010773897171020508,0.3998429775238037,False,False,,41.3546028137207,7.807711124420166,0.016587018966674805
True,True,False,False,True,-0.010773897171020508,0.3998429775238037,False,False,,41.37149429321289,7.824599266052246,0.016888141632080078
True,True,False,False,True,-0.010773897171020508,0.3998429775238037,False,False,,41.38783645629883,7.84093713760376,0.016337871551513672
True,True,False,False,True,-0.010773897171020508,0.3998429775238037,False,False,,41.404483795166016,7.857594966888428,0.01665806770324707
True,True,False,False,True,-0.010773897171020508,0.3998429775238037,False,False,,41.42127227783203,7.874283313751221,0.016688108444213867
True,True,False,False,True,-0.010773897171020508,0.3998429775238037,False,False,,41.43803787231445,7.891136169433594,0.016852855682373047
True,True,False,False,True,-0.010773897171020508,0.3998429775238037,False,False,,41.454532623291016,7.907630920410156,0.0164949893951416
True,True,False,False,True,-0.010773897171020508,0.3998429775238037,False,False,,41.471256256103516,7.924382209777832,0.01675105094909668
True,True,False,False,True,-0.010773897171020508,0.3998429775238037,False,False,,41.48794937133789,7.941057205200195,0.01667499542236328
True,True,False,False,True,-0.010773897171020508,0.3998429775238037,False,False,,41.50437545776367,7.957489013671875,0.01643204689025879
True,True,False,False,True,-0.010773897171020508,0.3998429775238037,False,False,,41.5211296081543,7.974233150482178,0.016743898391723633
True,True,False,False,True,-0.010773897171020508,0.3998429775238037,False,False,,41.537811279296875,7.990911960601807,0.016679048538208008
True,True,False,False,True,-0.010773897171020508,0.3998429775238037,False,False,,41.55449676513672,8.007599830627441,0.016688108444213867
True,True,False,False,True,-0.010773897171020508,0.3998429775238037,False,False,,41.571231842041016,8.024349212646484,0.016748905181884766
True,True,False,False,True,-0.010773897171020508,0.3998429775238037,False,False,,41.58776092529297,8.040867805480957,0.01651906967163086
True,True,False,False,True,-0.010773897171020508,0.3998429775238037,False,False,,41.60446548461914,8.057577133178711,0.016708850860595703
True,True,False,False,True,-0.010773897171020508,0.3998429775238037,False,False,,41.621097564697266,8.074198722839355,0.016622066497802734
True,True,False,False,True,-0.010773897171020508,0.3998429775238037,False,False,,41.637760162353516,8.090871810913086,0.01667308807373047
True,True,False,False,True,-0.010773897171020508,0.3998429775238037,False,False,,41.65452194213867,8.107635498046875,0.016762971878051758
True,True,False,False,True,-0.010773897171020508,0.3998429775238037,False,False,,41.671173095703125,8.124300003051758,0.016664981842041016
True,True,False,False,True,-0.010773897171020508,0.3998429775238037,False,False,,41.687767028808594,8.140878677368164,0.01657891273498535
True,True,False,False,True,-0.010773897171020508,0.3998429775238037,False,False,,41.7044677734375,8.157569885253906,0.016690969467163086
True,True,False,False,True,-0.010773897171020508,0.3998429775238037,False,False,,41.72108459472656,8.17419147491455,0.016621112823486328
True,True,False,False,True,-0.010773897171020508,0.3998429775238037,False,False,,41.737770080566406,8.190872192382812,0.01668095588684082
True,True,False,False,True,-0.010773897171020508,0.3998429775238037,False,False,,41.75483322143555,8.207674980163574,0.01680302619934082
True,True,False,False,True,-0.010773897171020508,0.3998429775238037,False,False,,41.77110290527344,8.224225997924805,0.01655101776123047
True,True,False,False,True,-0.010773897171020508,0.3998429775238037,False,False,,41.7877082824707,8.240808486938477,0.016582012176513672
True,True,False,False,True,-0.010773897171020508,0.3998429775238037,False,False,,41.80442428588867,8.257528305053711,0.016720056533813477
True,True,False,False,True,-0.010773897171020508,0.3998429775238037,False,False,,41.821128845214844,8.27423095703125,0.016702890396118164
True,True,False,False,True,-0.010773897171020508,0.3998429775238037,False,False,,41.83774185180664,8.29084300994873,0.01661205291748047
True,True,False,False,True,-0.010773897171020508,0.3998429775238037,False,False,,41.85500717163086,8.307668685913086,0.01682591438293457
